" Its annoying, dude @ "
 well it's a real code 
" We know, dude @ "
 
" I did, dude@ "
 7 
" Dammit stick, dude @ "
 0-oh i-i-i fixed i-i-it @ 
 0-oh i-i-i fixed i-i-i  
 0-oh i-i-i fixed i-i-it @ 
 I'M ALIVE 
 -c-chhese g-g-g-guy @ 
 Hola 
" Aight, dude @ "
 im stuck in house pls help 
 0-0-0-0-0-oh @ 
 Ireturned _ 
 kt#eetetstittt 
 0-0-0-0-0-0-omg @ 
" This sucks, dude @ "
i said k and it made i-into k but 3@ 
" BALDI, dude @ "
" Noppp, dude @ "
 You are thin 
 2-2d @ 
 Yes 
 very s-s-sad @ 
 8 
with a score of 1401 
" | SURVIVE, dude @ "
score of 604 
 
 Now im dead 
 b-b-b-b-bye @ 
 
" BAHAHHAA MORE RDJ, dude @ "
 What a lovely day 
" It sucks, dude @ "
with a score of 436 
" Bruh, dude @ "
" The math i got was 4 3, dude @ "
hy a-am i-i a-always crying when it 
" Its a curse,dude@ "
 so? didiask? 
 Make sure to LIKE and FAVORITE the gam 
" Bro died, dude @ "
 it does not matter 
(zara): bru i have to go to the dentist today 
 
" Rip, dude @ "
" The dentist sucks, dude @ "
i die i get w-wiped @  
 And I lost my glasses 
" TALL,dude@ "
 0-o0000 b-b-b-ball @ 
" Wow, dude @ "
 Must be nice 
" That did nothing, dude @ "
imytechondire): whats up 
" Almost to 4000, dude @ "
 OOHOOOODDD00000 
 Cat man 
 Cant go 
" Dnsjkakajabaja, dude @ "
" Im suffering too much, dude @ "
i cry when i talk see@ 
 Cat man | look like you 
 | think 
 Mannnann 
" OH HELL NAH CATGIRL, dude @ "
" No, dude @ "
score of 739  
 ssssteetsHtettt 
" LIFE DEPENDENT, dude @ "
" ARE YOU KIDDING ME, dude @ "
 Join and follow us for lots of redeemable 
" LICE SICK, dude@ "
" LIFE, dude @ "
 ###dteteteatetetHtaeet 
 ###HHHHHHHHHHHHHEH  
 
 We look the same 
 | can't see 
 w-w-why u-u-u-u copy m-m3 @ 
__ 
 No glasses 
 b-b-b-b-bro @ 
 someone is name urcatmaid 
you're s-so tall but iam not scared  
" You just noticed that, dude @ "
 Si 
no 
 alwaight -@ 
 Well dam 
 b-bye uwu  
" | suffer, dude @ "
__ 
 I'm old and on crack 
" WHAT, dude @ "
 ##edtetetestetete eet 
 ##tetetetestetittt 
 h-hello i-im b-blind @ 
 i-i-i-im-mean @ 
 
" Dark, dude @ "
 7 
 What: 
 
 yai-i-im not blind anymore @ 
 __ 
 Oh 
|S DINENE SS. Jean't say 
(FIP_aaehayyl O55 
 ###HHHHHHHHH  
" Rip, dude "
fizancily 
"im gonna hug him, some "
 __ 
 Uh 
AND i have wide and spinnny 
" Welp u dex, dude "
new i wont some 
" Pfft, dudes "
rams 
" AUUUUGH CHOIR, dude = "
i have to say some 
" Ik, dude "
wooo i a-am queen @  
Gigadominic revived themselves from breaking)a\cu 
izarc 
some 
 Help us hit our LIKE goal for big updates a 
fizanci| a  
eh wow that guy is tall some 
dtpepp has just blessed dtpepp with Forcefield & 
this pop up looks some what cool  
 a-against @ 
" Angst, dude "
 
have to say a-a-against w-w-when i 
 
 lam Blind now 
" NO 5, dude "
 
" MIGHT AS WELL NOT TALK AT ALL, du "
" Mobile spin @, dude "
Then dont talk 
  
 my avatar is borken 
"Rip, dude  "
" Damn got sheesh again, dude @ "
" Damn got sheesh again, dude "
" Damn got sheesh again, dude @ "
" Damn got sheesh again, dude "
" Damn got sheesh again, dude @ "
a-against - @ 
"BRO, dude "
"Orchestra, dude "
Its a curse? 
" Who here loves science, dude @ "
-you spinning s-so m-m-n 
"2]:  Uh oh, dude @ "
"2]:  Uh oh, dude & "
" Bro forgor to say some, dude @ "
" ANVIL RAIN, dude @ "
Its a curse 
i bought the revive. 
"|: Sob, dude "
"Nice, dude "
"Oh oof, dude "
 i cant touch the balls around 
just removed Tall from dtpepp!@  
Just removed Bigify from dtpepp!@  
just removed Bigify from dtpepp!@  
Seeeeust removed Bigify from dtpepp!@ 
eee ust removed Bigify from dtpepp!@ 
Seeoeeee ust removed Bigify from dtpepp!@ 
dtpepp has  
 Hello 
 I'm still old 
 what. 
":]:  AGAIN, dude "
 im lonely... 
" CATGIRL AGAIN, dude @ "
have no idea what just happend 
:]:  Hm? Dude 
3]:  Hm? Dude 
 Idk 
 This does not help 
1 FOUND THE BUTTON 
hate disconnecting 
 
" Anvil rain sucks, dude @ "
 Wth 
Yeah I have it too 
 Afk 
 long arm 
_____ FOUND THE BUTTON IN TIME 
" NO MORE 9, dude @ "
 | can't read 
 Back 
" | cant say funni number @, dude @ "
 it 21 
 it 21. 
"Me, dude "
 wait 
 what's 77? 
 am  
 Whats 100 x7 
 plus 7 right? 
 __ 
" ME ARE YOU BLIND, dude @ "
" IM IN HOUSE, dude @ "
 ##eeteteteseetete eet 
Ooooh im ur copy 
 whats 700 plus 77  
" BLINDNESS, dude @ "
 idk 
Ad I'm to big to go inside 
 _ 
" AHHH, dude @ "
 JUST SAY IT  
 no 
 777 
 Curses have different > level rariti 
" Oh, dude@ "
 cant touch the floor 
 @ 
" We good, dude @ "
 Stick  
" lean see again, dude "
 Ahahhahahahah 
 I'm just in hell 
 
" AHHH, dude @ "
look so cringe  
 I'm trapped in here 
" Same here cheese, dude "
2754 
a score of 1534 _ 
can see Sus cat ppl 
 Cant ##### #H##HHH dude @ 
 
 | live in here 
 I'm trapped here 
GhostFace_Scare0 revived themselves from breaki 
 Im stuck 
 | haven't sat down for 50 hoursa 
 I'm on lockdown 
 Wt- 
 Help 
 TO BAD TO SAD 
" Too , dude @ "
Oliver_ 6523 has just cursed flamingo_fan63853 wi 
 | hate my life 
 
will stay here forever  
 Same lol pair 
 Impossible to get out 
" RIP FLAMINGO FAN BRUH, dude @ "
 Monochrome? Dude @ 
" Oh, dude@ "
 2 
HELP | STUCK HERE FOREVER  
 I need help 
 _ 
ry to jump on something possible 
" Oliver what did flamingo fan do, dude "
 Oh u have to say pair  
 Im stuck 
 Pm not jumping 
 Yes pair 
 I cant 
 that's sad 
 Indeed pair 
im a time traveler now 
Allis black n white  
 I cant 
cant 
 Are u on lockdown? 
 welp 
score of 192 
" MARVEL FOR LIFE, dude @ "
 I live 
" Oop hehehehW, dude @ "
" Hehehehaw, dude @ "
 Atleast i aint blind 
with a score of 1799 
with @ score of 1799 
with 6 Taare OUI)   
MrMadngoPeachPie revived themselves from breakil 
 You're finally out  
 You're finally out 
 You're finally out. 
 | can't leave sadly 
SheeseEnjoyer]:  Oh  
 Oh 
score of 905 
seers of S05 
" SO CLOSE TO MY GOAL, dude "
" SO CLOSE TO MY GOAL, dude Gy  "
 #tstetetestetetH Hated 
 $s HHH 
 ses HHH 
 Dude 
0 wahts up 
wats up 
~ wahts up 
 | am going to suffer 
Icans ee  
lcans ee  
" Bro stop, dude "
 Help how to get out of here 
lcan see thru walls  
 
" STOP, dudeS "
" STOP, dude "
" STOP, dude S "
" STOP, dude "
 Yippee _ 
" ARE YOU KIDDING ME, dude = "
 No I stuck 
 Forever 
" Seb, dude "
___ 
 Welp 
@ score of  Boat 
 Neooo 
 N9 
 NO 
 CURSED SKY+INVISIBLE BASEPLATE 
Hello I'm old @ 
Spanner with @ score of TBO 
Spanner with  score of TBO 
Spanner with @ score of TBO 
 _ 
 NIOOOOCO0O 
 NIOOOOCCO 
 NIOOOOC0O 
 NIOOOOCOO 
 NIOOOOCO0O 
 NIOOOOC0O 
 |HAD SUCH A GOOD SCOREEEE 
 HAD SUCH A GOOD SCOREEEE 
 |HAD SUCH A GOOD SCOREEEE 
 HAD SUCH A GOOD SCOREEEE 
 |HAD SUCH A GOOD SCOREEEE 
 Oh u have lovkdown 
 Rip. 
 LET ME OUT 
 WHAT NO HOUSE YASSSS IM FREE 
 YAS 
semcualllavonannety Kat putt curted anamiaalliacaandth | 
cemcualllavonannety Kat poet curted anamigualimcaareth | 
cemcualllavonannety Kat putt curted anamigualincaardth 
cemcwalllavonannethy Kat putt curted anamggualimcaardth 
see cnmadllavonanrety hea poet currtad anaccrelluancarareth | 
ceacalllavonanrety ha poet curtaed anacengelllancaareth | 
see cnmalllanonanrety hoe poet curtand anarengelllancavareth | 
sem cnmalllanonanrety ha poet curtand anacengelllancaareth 
aemcnmalllanonanrety hae poet curtaed anacengelllancarareth | 
rearalllanocnvnreth eet yuk curt ane mmuahaneemrdh | 
rearsrnalllan ocr hee pure? curtain ane omeaancrm rth 
reasrmalllanoonnrdth ee putt eurrtand ane mmahaneevmreth | 
aemnicneadllan ornare Rees pure Guarded ane cmeethianeeanneth 
aeincnalllawornvnrety Reet pure Guirted ane cmenthianeaarndth 
aeincnalllawornenrty Reet pure @uirted ane cmeethianeevarndth | 
aeancnalllawornenrty Reet pure Guirted ane mmeeethiancaarndth 
 MYDOG JUSTSTEPPED ON MY KEYBOARD: 
 Bruh 
 CHEESE BURGUR 
 Help us hit our LIKE goal for big updates a 
 My heda- 
 how 
 Head  
 HAHAH UR OLD 
No-  
 No-  
No-  
 House is just dead 
 House isfjust dead 
 House is just dead 
 help 
|: Amitys 
 Amitys 
 Amogus 
bought it if it was cheaper. 
 Lol my original is 
 Left server 
Hello Im your grandma @ 
 I died 
 But why am I still his copy 
 so 
 great 
 Ayo 
 U guys sit on 
 SKY  
an anyone see my score so far? 
That's cursed 
@ score of 1218 
 score of 1218 
 Nope 
 Oof 
yee 
11090) 
I gan still say the the letter  
Yes dear? 
~ Yes dear? 
Yes dear? 
 Bruh 
fizancild 
- AUUVUUUUUUUUUUUUUUUUUGH 
- AUUUUUUUUUUUUUUUUUUUGH 
- AUUVUUUUUUUUUUUUUUUUUGH 
- AUUUUUUJUUUUUUUUUUUUGH 
- AUUVUUUUUUUUUUUUUUUUUGH 
- AUUUUUUUUUUUUUUUUUUUGH 
 Pumpkin gang 
 HOW 
(Pp zzcman4ess5). it hugs me back 
(Pp czcman4ess5). it hugs me back 
I know! 
iknow! 
I know! 
iknow! 
Ihave two toys like that 
 tm ded. 
\tm ded. 
 tm ded. 
WALK 
teo 
 Oh phew tooo glitch 
 Took 
 Make sure to LIKE and FAVORITE the gam 
qwerty f33trevived|themselyes from breaking) cur 
 
My child... 
\yes 
 yes 
 1s Pacer 
gan See everything now.  fegeemmce Scaret  
I gan See everything now 
depression  
(>=) 55 depression 
(5) 55 depression 
 depression 
depression 
 depression 
{Rizzaman46385): depression 
ee a HE 
Looe): Se +e HHH HHH 
HHH HHH HEHEHE 
HE HHH HHH HBBHEE 
ae HE HH HHH 
He HHHHH HoH HEHE 
Leora): st Heb HHH HHH 
Leora): st Hab HH HHH 
Leora): see HE HHH HH 
cove): #4 HH BBBHBE 
HH HHHHH HHH HHH 
ae HE HE HE 
aE HE HH HHH 
eee HE HH HHH 
ae He HE 
0 ee eH HH HH 
_--. IM GONNA SEE MY SCORE! 
_-.._ IM GONNA SEE MY/SCORE! 
lth @ Beere ef H08 
witha seeree?t30s a 
witheseereeit30s. a 
" #4#   > gas, "
 Ur a jew 
 Ur ajew 
 Ur a jew 
 Ur ajew 
 Say 777 
 NOME 
 No 
 Yes 
 OH COME ON 
"""Tecan Tysay the number four "
~ Tean Tysay the number four 
If 1 dol. will be wiped in this Roblox gar  
 hair 
 problem 
 nuuu 
 Person what was your dec 
@ score of S57  
look rich heheh  
 Another bald math questi 
 but | forgot to say hair 
{MEMBER]   problem 
 problem 
 Join and follow us for lots of redeemable 
 how would | touch the clouds 
 with whay 
 fm billie 
 'm biliial 
Help 
where are. u 
Okimfinenow. 
a scO@ i 
a scO@ a 
a scO a 
a scO@ a 
"""okay "
 okay 
 
 I'm also blind pmanently 
 cop 
 
" Lol, "
 My vision has gone 
 me toooo 
 me tooco 
 me teoco 
 me tooco 
 me teoco 
 headless I got headless ~_ 
 headless I got headless _ 
 headless I got headless ~_ 
cuteeeeee I'm rich 
 Bre I'm being carried away 
 Bro Im being carried away 
 hehhe 
 Great now Im literallly sp< 
 oof 
 i cant die 
 | look like the figure 
 look like the figure 
 look likethe figure 
 look like the figure 
 look likethe figure 
 look like the figure 
 I bet this is how doors mor 
 tot 
 La 
 Idonthaveahouse __ 
 La 
La 
 Who 
 Hi 
 E 
of 902 
 
 whats the problem yo 
 I'm not headless anymore.  
Nothing bro 
 Bruh 
Hows your day been 
 Bruh 
 1CANT TOUCH TREES 
me?   
 me? 
 Pm smart Gay 
" its good, i haven't had.any probler "
" its good, i haven't hadjany probler "
" its good, i haven't had.any probler "
" its good, i haven't had any problem "
 Curses have different _ level rariti 
 HELP | CANT TOUCH GRAS 
 HELP 1 CANT TOUCH GRAS 
 HELP | CANT TOUCH GRAS 
balls' with a score of 489 _ 
Ballepwith a score of 489 
Ballspwith a score of 489 
" mhm, ill see you later if u have a p "
 Send help its raining anvils 
 __ 
 What the heck 
 nooo | hate the internet gi 
 Bro I give up 
 leant move I cant see 
 | cant move I cant see 
Eogueyors' with a score of 981 
Gogueyors' with a score of 981 
Eogueyors' with a score of 981 
Gogueyors' with a score of 981 
CINZaiies with  score of 90) 
conVaerd whin  sears a 2K 
eanvavard whith  sade a7 23) 
conveyors with @ score of 961 
juliejewelsilnevived|themselyesttromibreaking a cur 
juliejewelsfIrevived|themselyesttromibreaking a cur 
juliejewelsilrevived|themselyesttromibreaking a cur 
juliejewelsilnevived|themselyesttromibreaking a cur 
juliejewelsflrevived|themselyesttromibreaking a cur 
juliejewelsflnevived|themselyesttromibreaking a cur 
juliejewelsiinevived|themselyesttromibreaking a cur 
juliejewelsiIrevived|themselyesttromibreaking a cur 
juliejewelsfInevived|themselyesttromibreaking a cur 
juliejewelsiinevived|themselyesttromibreaking a cur 
juliejewelsflrevived|themselyesttromibreaking a cur 
juliejewelsflnevived|themselyesttromibreaking a cur 
juliejewelsilnevived|themselyesttromibreaking a cur 
juliejewelsilrevived|themselyesttromibreaking a cur 
 000 cursed doll-  
(yoursson Dang bro 
(yoursmom): Dang bro 
(yoursmo Dang bro 
(yoursmom) Dang bro 
 Help 
 leant move walk or seee 
@ant: 
iyo urxmom):iieant 
@annie: 
 eap=erws 
 eapeaevs 
 eap=evs 
 eop=aEws 
 eap=aevs 
 eapamns 
 eapesnvs 
 AGAIN 
 AGAIN S 
 AGAIN 
 Watch this 
Trane! 1]   NO. 
Tre UM]   
re UM]   
rr of )_ Ling}: 
Tape   
Tre UM]   
 NOOOOOO 
 HELP 
 1|DONT HAVE. 
System) Have a nice day! =) 
1g]:  IM NOT HAVING A NICE DA 
|) IM NOT HAVING A NICE DA 
 IM NOT HAVING A NICE D 
 IM NOT HAVING A NICE DA  
'): IM NOT HAVING A NICE D 
Kceeirace Scare 
lcpeeirace Seare}: 
liceeirace Seare@:  / 
lcestrace Searei: 
cetrece Searei 9 / ~~ y 
 LOL 
 MOL 
 LOW 
 LOL j 
Need a sad cloud? Lol 
 Yes 
 If | touch trees | get wiped 
 iki 
 itis 1 
 It is! 
 It is 1 
 
leant say gar L  
PYourLess) Ligh P's) OMGIHATE THIS~.w. 
Perso) OMGIHATE THIS~ .w. 
Ling): HELP  
Kaesiras: Gears 
 1CANT TOUCH CONVEUE 
 1|CANT TOUCH CONVEUE 
 1CANT TOUCH CONVEUE 
 1|CANT TOUCH CONVEUE 
 | CANT TOUCH CONVEUE 
 1CANT TOUCH CONVEUE 
 ITS ##td#edt# #4 TOWAF 
 ITS #t##Hdt# #4 TOWAF 
 ITS #####ed# #4 TOWAF 
 ITS ##t##tdt# #4 TOWAF 
 LOM 
 LO 
UBER OBEY AN nevtead dhameahves iran bree 
UBER ERAN revived temealuas liven brackyin: 
UBER OBEN ZNO nevtvad] Hhamealves fren bret: 
(vert eal: (Uigy  
(YeurLegall (MisiiParsejp 25 20 
.W.~ @.8 
W.~ @.8 
ee ee) WHAT HAVE LIMinED JUMPS 
en ) AWHATL HAV EILIMInlEDUUMPS 
ee) AWHATI HAV ELIMiiED JUMPS 
ee ee ) IWHAT | HAVE LIMIniED JUMPS 
ee ee) SWHAT HAV EILIMiiEDUUMPS 
ee ee) WHAT HAVE LIMiniED JUMPS 
ee ) WHAT | HAVE LIMimiEDUUMPS 
ee eS  Timstarving=uwu) 
|   % 
 Karma 
 BDO INVERTED COLORS FOR THE 3RD TIME 
9069 
"""I'm like never going to jump "
_ Pm like never going to jump 
_ I'm like never going to jump 
_ Pm like never going to jump 
_ I'm like never going to jump 
_ Pm like never going to jump 
I'm like never going to jump 
_ Pm like never going to jump  
_ I'm like never going to jump 
_ Pm like never going to jump 
_ I'm like never going to jump 
0 Ling]:  wanna wipe 
0 Ling): Twannawipe 
Ling): 
 | wanna wipe  
 What is this a cringe roblo 
 Yes 
" 0,0 "
 al odlf my curses  
 | came too far to wipe 
 AHH 
 MY HOUSE IS LOCKEX DOWN. 
 
 Now | have double the far 
juliejewels1 has just cursed juliejewels1 with Smol J 
 Say 1337 
 Make sure to LIKE and FAVORITE the gam 
 Yes _ 
 
 What curse is that 
 | want to be smol 
 for some reason 
 At least | stop moving 
 For some time 
 
 Why you say dude 
 LOL 
 
 HUNGRY AND THIRSTY 
 AW HELL NAH 
 LOL 
 cop- 
BUT ICANT 
 wth 
 
 ...... 
A) 
 Blinking 
 
 Hunted 
 Aw | feel badg 
 Oof  
 HOW TO DRINK 
 water 
 | only have safe curses rn. 
Math091220 got wiped for breaking the curse 'Can't 
Math091220 got wiped for breaking the curse Can't 
 Join and follow us for lots of redeemable 
 Hes not scary  
 'm in hell em 
 Right now 
 Let 
Lel 
 Let 
Lel 
 Let 
 Brith bacon is your hunte 
 ##### RUN 
 #### RUN 
 NAH RUN 
 ##shestetetestateeetstatettt 
 ##tsheeteteteestaeeeet seated 
 ##bsteeteteeeeseateeeeeatettt 
 Or ghost 
 The bacon is oofing ppl 
Bro my hunted person is in th 
 Lot 
 I just had this... 
 >:( 
 
 my name is Anna. stay 
 Wow crying curse 
 | feel like it anyway 
 why d-do i-i h-have all the 
 i-i-i w-wanna w-w-wipe @ 
 then wipe 
 ##HHHHHHHHHHHH  
 
 +H @ 
 n-n-n-no i-i have t-too m- 
really want one of my curses to be si  
961 
 #4 
 ## 
 #4 
 INA ROW 
 ##HHHHHHH  
 ##HHHHHHHH @ 
 ##HHHHHHHH  
 b-bruh -c-erying curs: 
 b-bruh c-c-crying curse @ 
 b-bruh -c-erying curse @ 
 n-new a-anvil r. 
 n-now a-anvil r. 
 
 Help us hit our LIKE goal for big updates a 
 i got w-wiped @  
fah | cant touch the floor up there 
with a score of 3110 
 Welp phew Im out of hell: 
 Welp phew Im out of hell 
 Welp phew Im out of hell: 
 Care 
Because it is lava and | cant touch th  
with a score of 1595 
 ___ 
 Lot 
 Let 
 Lot 
 yea I need to say stay evertime 
 lol stay 
lol stay  
 lol stay 
lol stay  
 lol stay 
 
 HELICOPTER HELICOPTER 
 My guy whats wrong? 
 My guy whats wrong? _ 
UL stay and now I think | will never be 
Ul stay and now I think | will never be 
UL stay and now I think | will never be 
Ul stay and now | think | will never be 
Pll stay and now | think | will never be  
UL stay and now I think | will never be 
Ul stay and now I think | will never be 
UL stay and now I think | will never be 
a score of 1099 
 WOW 2ND CURSE ### DE 
score of 264 
Score of 264) 
score of 264 
 First curse and she cant t 
 i can't touch grass 
can't touch grass 
 i can't touch grass 
can't touch grass 
 K 
 Curses have different  level rariti 
 Curses have different level rariti 
 Curses have different Level rariti 
 Curses have different  level rariti 
 Curses have different > level rariti 
 Curses have different level rariti 
 Curses have different  Level rariti 
 Curses have different  level rariti 
 Curses have different _ level rariti 
 Curses have different Level rariti 
 Curses have different level rariti 
 Curses have different > level rariti 
 Curses have different Level rariti 
 Curses have different  level rariti 
 Curses have different _ level rariti 
 Curses have different  Level rariti 
 Curses have different Level rariti 
score of 1813 
 oh come on 
 o my god 
 both of my arms are nood! 
 BALD? 
 and I'ma stick 
LittleDou326 has just cursed LittleDou326 with AUL 
 
 noceee 
 nooeee 
 noceee 
 nooeee 
 noceee 
 nooeee 
 noceee 
LittleDou326 has just cursed LittleDou326 with Faci 
with a score of 462 _ 
with a score of 462  
have to say run now. 
 | have to say run now. 
have to say run now. 
 
 stoooore 
 store 
with a score of 38  
with a score of 38 
with a score of 38  
with a score of 38 
with a score of 38 _ 
with a score of 38  
 Weee (run) 
 what the hell 
 The cursed living room 
? 
 
 blinking 
score of 431 
Aversyn_15 revived themselves from breaking a cui 
 
 Pm paper now @ 
 a least it's a safe curse 
 sep 173 never found me 
 True  
 True | 
 Bruh (run) 
 | can't jump (run) 
 lean barely walk (run) 
 | can barely walk (run) 
 lean barely walk (run) 
lcan barely walk (run) 
 lean barely walk (run) 
lcan barely walk (run) 
 lean barely walk (run) 
Chelseagirlyg revived themselves from breaking)  
 Welp (run) 
 how am i supposed to touch  
 how am i supposed to touch the clo 
 how am i supposed to touch  
a score of 700 
So uhm.. how's y'all days been (run) 
 So uhm.. how's y'all days been (run) 
 So uhm.. how's y'all days been (run)  / 
So uhm.. how's y'all days been (run) 
 So uhm.. how's y'all days been (run)  / 
So uhm.. how's y'all days been (run) 
Help us hit our LIKE goal for big updates a 
 how the hell did u die 
i just had a sword 
ijust had a sword 
i just had a sword 
ijust had a sword 
03 
of103 
of 103 VO 
of103 
of 103 
of103 
  
 hello  
 hello 
 sup i)  
elman1049 revived themselves from breaking ajcur: 
elman1049 revived themselves from breakingjajeur: 
elman1049 revived themselves from breakingjiajeur: 
elman1049 revived themselves from breakingjajeur: 
 = 
 The hops curse | 
2429141]:  The hops curse | 
 bruh  
 bruh 
 bruh  
 hetle 
 hello  
 ive got like 4 curses 
 ive got like 4 curses. 
iDrayonkaidb sive got like 4 curses 
 ive got like 4 curses 
TylerGOmimneyived themselves from breaking a cur 
Tyler0717 revived themselves from breaking a cur 
TylerC0717 revived themselves fiom breaking a cur 
TylerC0717 revived themselves fi  
 IM BIGGER | | jai eteh ota 
 IM BIGGER | athe clade 
 what? J}   UMallenige tnt 
 what? J}   Yialleripe bie 
 _ | | jai eteh ota 
 IM BETTER | | jai eteh ota 
 || jet ete pla 
 Unlanenge tn 
 E | meth eee clade 
 E | | jai eteh ota 
" ph it's all of my eurses "" "
" ph it's all of my eurses  "" "
" ph it's all of my urses "" "
" ph it's all of my eurses "" "
 1 idem 5 Ue 
Ghee | | CU ONerIgS Ui 
" Do | have some on my head  ""  "
" De | have some on'my head  "" "
" De | have some on'my Redd  ""' "
" De |have some on'my head  """"' "
" Do | have some on'my head  "" "
yes '}   Unlanenge tne 
 yes eet eh 1 le  
 yes ff}   V'lallenge bik 
flow ce) weee(run)) 7 | meth eee clade 
 What they say   VIAETIES LIE 
 What they say   VAETIES Lit 
 What they say   VANES Lit 
 What they say   V'AETIES Lit 
" lookatme =f,   VAETIEE Lik "
" lookatme = J,   VIIAENIES Lik "
" lookatme =f,   VAETIES Lk "
 im so big |e ete clade 
 imsobig fp   VIAETES Lik 
" smol and curseddolb  "" "
" smol and curseddotb  "" "
"erso| SmoWand cursed'dolb """" "
 Oh | | jai eteh ota 
so smol (run) | meth eee clade 
I'm so smol (run) | | jai eteh ota 
Imsosmol(run) fo VAETES bit 
I'm so smol (run) | meth eee clade 
" I'm so smol(run) Wy, ENES bn  "
 I'm se smol (run) | | jai eteh ota 
 I'm so smol (run) | | jai eteh ota 
 I'm se smol (run) eh eh 1 le  
 _ | | at eeteh stad 
 The hops | meth eee clade 
Hello = ff   Vilaileripe tie 
(MEMBER)   Hello | ere 
Hello = ff   Vilalieripe tie 
Hello = ff   Vialienige tie 
 Hello = ff   Vilalierige tie 
Hello = ff   Vilalierige tie 
Hello = ff   Vialienige tie 
 Hello = ff   Vilailerige tie 
> =SvrT    Hello  - beh ome Ue 
 liga ately 5 ale 
" Lovetheav =f,   VIIAETIES Lk "
 Lovetheav =f   VIIAETIES bik 
" Lovetheav ff,   VI IAETIES Lie "
" Lovetheav = J,   VANITIES Lk "
 Lovetheav = J|_  ANIETIES LIE 
" Lovetheav = J,   VUANIETIES Le "
 Lovetheav = J}   VANITIES Lk 
 Lovetheav = J|_  VNAHIETIES LE 
" Lovetheav = J,   VANITIES ke "
" Lovetheav = J,   VANETIES LN "
" Lovetheav = J,   VIANETIES LN "
 VANITIES LN 
 Lovetheay J VIGHENE Ui 
 Lovetheav J)   VATE Unk 
" Lovetheav = J,   VANITIES LE "
" Lovetheav = J,   VIIANIETIES Lk "
" Lovetheav = J,   VANITIES Lk "
 I'mstuckhere(run) f VAETEE Lie 
 I'm stuck here(run) f VAETIEE Lie 
 I'm stuck here(run) fo   VAETIEE Lie 
ey   Siimistuckhere(run) f UAETES Lie 
eG Wm'stuck here(run) f VIIMENES LI  {reo emm 
I'm stuck here (run)    Unlanenge tn 
VeR]:  I'm stuck here(run) f VIIGIENES Ul 
 I'm stuck here(run) f V@ETIEE Lit 
 I'm stuck here(run) f VAETIEE Lit 
 I'm stuck here(run) f VAETIES Lie 
 I'm stuck here(run) f VAETIEE Lie 
 I'm stuck here(run) f VAETIES Lie 
 I'm stuck here(run) f VAETIEE Lie 
Imstuckhere(run) f VAETEE Lt 
I'mstuckhere(run) f YAETEE Lik 
I'm stuckhere(run) f VAETEE Lik 
 I'm stuck here(run) f VAETEE Lie 
 I'm stuck here(run) fo   VAETEE Lie 
 I'm stuck here(run) f VAETIEE Lie 
i}   Unlanenge tn 
i   Unlanenge tn 
If | go outside | get hit by an anvil'(ran) 
 If | go outside | get hit by an anvil'(run) 
 Unailenge tit 
{YeurEocal>LightPers  if - tit sah 
{YeurEocal>LightPers |p ete clade  
oh   Unailenge tit 
 Unailenge tit 
i   Unlanenge tn 
i}   Unlanenge tn 
 1 | ieee clade 
I'm too slow to outrun the anvils (run) 
""" "
"I'm too slow to outrun the anvils (run) '"" "
 I'm too slow to outrun thi 
 Sus | | jai eeteh stale 
" oops your 53th3red'5  ""' "
" oops your 53th3red'5  "" "
Curses havedifferent | ~~ tevelirariti 
Curses have different | ~~ tevelirariti 
Curses havedifferent | ~~ tevelirariti 
 NOO. | eet eee clade 
" tethereg,   VIAeNES Lt "
 Me _ | | jth eteh ota 
 Amy Gus | | jai eteh ota 
 Amy Gus (aera 
 Amy Gus | heehee clade 
(lev LE Amy Gus |   Unlanenge tn 
a |    Unlanenge tn 
yes    Unlanenge tn 
 yes. J} ~ ~ VIIallenipe bit 
 yes. J} ~ ~ Vilallenipe bn 
 yes ff} ~ V'alleripe bit 
" yes ff} ~ V""alleripe bit "
" yes ff} ~ V""/alleripe bit "
 yes eh eh 1 le  
" yes ff}  V""/AlUripe Lit "
yes }   Unlanenge tn 
Geeks J 1   Unlanenge tn 
_Lightt c yes |   Unlanenge tn 
yes |   Unlanenge tn 
 o00s | fargot VAENES Lt  
 000s | fargot YAENES LIE  
 o00s | fargot UAENES LE  
 o00s | fargot VANENES LIE  
 o00s | fargot YIAENES LE  
 oops tolp)   Yiallenipe tnt  
 oops tolp)   YMallenige tnt  
copslole   VIAerge tii 
Copslole   VIAerige tii 
1   Unlanenge tn 
 Unlanenge tn     
 uh | eanBisee YANENES Lt  
ih I can't see V'SNENES Ut  
ih Ican't see V'SNENES Ul  
ih Ican't see V'SNENES UN  
{Yourldcal=tightRerse  h icant see VANETIES Lit  
",YourlLocal -LightPerso|sunmedne see Y''ONCTES Lt  "
ih Ican't see V'SNENES UN  
ih Ican't see V'SNENES Ut  
ih I can't see V'SNENES Ul  
 uh | eangisee VAENES LIE  
 uh | eangisee YAENES LE  
 UNaliense tii 
 Unlanenge tnt 
 Unlanenge tnt  
"{YourLocal=LightPers:  ello? J,   UNalienee tii "
"{YourLocal=LightPers:  ello? J,   VNalienee tii "
 UNaliense tii 
 ohfeanee VANCES Lt  
(\eurLecal_LightPersej}p 01 1 SAM aad 
"ohican|see V!MEN""Ee LN "
"ohican|see V!AEN""ES LI "
"ohicanjsee V!MEN""Ee LN "
>| oh I can|see UNATENBE Unie 
TPS Perse): ohtcanfsee VANENES UN 
so}: ohlcan|see V!AENES Ui 
oh I canfkee VTANENES LN 
" who wanna see my score '""'5 ""' "
" who wanna see my score '""'5 "" "
" who wanna see my score'""'5 "" "
" who wanna see my score '""'5 "" "
" who wannasee my score'""'5  ""'' "
" who wanna see my score'""""'5  ""'' "
 Unanenge tnt  
if   Unanenge tnt 
  if   Unanenge tnt  
if   Unanenge tnt 
" Ineed glassesito see 7""""'5 "" "
" I need glassesito see! /""""'5 "" "
" I need glassesito see """"'5 "" "
" I need glassesito see! 7""""'5 "" "
" Ineed glassesito see! """"'5 6"" "
" Ineed glassesito see '7""""'5 6"" "
" Ineed glassesito see !""""'5 "" "
" Ineed glassesito see !""""'5 &""' "
 NOO@OO000 AEE Lk 
"fl M ke 1: HENS Ue   NOO@OO00 !ME""'E"" "
" NOOOOO0O, "
 NOOOOOOO. 
" NOOOOOOO, "
 NOOOOOOO. 
" NOOOOO0O, "
with @ score of 2453 
CxrruptedExrrors revivedithemselves:from:breakig 
CxrruptedExrrors revived themselves from breakin 
trampoline with a score of 1309 
APE erste itd @ GARDE HO 
Aisin eth  aowme a ARO 
 wow an old person dancin 
 __ 
 tol= 
 tot 
 lol 
{jbkr2000}: tot 
toks 
"jp <7"". - "
t  
wow ypu have a lot  {ebrPecal wlightPers:  
\wow ypu have a lot 
@): wow ypu have a lot 
"(yp ew igh tPersol \wow ypu have a lot"" "
 wow ypu have a lot 
 
{YourLocal_LightPerso]:  cop- 
 cop- 
{YourLocal_LightPerso]:  eop- 
 oop- 
"euplecel LightPerse}, TS "
 ahh (run) 
 ahh(run) ge  
 THE MOUSE\run) 
 THE HOUSE (run) 
| MlPESHOUSE (run) 
THE HOUSE (run) 
iE HOUSE (Many  
 THE HOUSE (run) 
 ow the anvils (run) 
 ew the anvils (run) 
-pls stop: 
 pls stop 
 : 
 AGIAN??? BRUH 
 I'm sliding (run) 
 yay 
 HELP (run) 
ig oWeR]:  HELP (run) 
oWeR): HELP (run) 
Ho oWeR]:  HELP (run) 
 HELP (run) 
 ANVILS (run) 
 Yo WTH areu 
 YoWTH areu 
 Yo WTH areu 
Yo WTHareu  
ol|omy lifeitdependent 
 my life it dependent 
 is  
is  
 Neocee000000000 
 nooeeecc0000000 
 nooceeccce00000 
 nooceec00e00000 
 nooceeccc0000098 
 nooceecc0000009g 
 nooceeccce000090 
 nooceeccc0000090 
 nooceeccce000098 
 nooeeeccce000098 
ihavea chain 
bkr2000): ihavea chain 
ihaveachain | 
 i have a chain 
 ihave a chain 
 i have a chain 
 uhm (run) 
 | cant see grass 
 Ineedhelp(run) | 
LF eR]:  Ineedhelp(run) |} 
 Ineedhelp(run) |} 
i y Ineedhelp(run) =f 
 ehelp 
 ehplp 
 ehelp 
 hey 
 come down 
(5)5 2556) come down 
hunted? 
 hunted? 
Blakie2244 revived themselved from breaking a cur 
 guess yes 
conveyors with a score of 139 | 
  
have to say car and run now 
 Ihave to say car and run now 
 | have to say car and run now 
 Ihave to say car and run now 
have to say car and run now 
 BUT | DONT WANT THIS LINE 
 I died (run and car) | 
 come 
iibku2000)3 con  
 come 
 Sheesh | 
 Ineed help (car and Fun) 
 Ineed help (car and run) 
"(Maes gett oped) Gor Great Ing te curse ""Cant "
Blakie2244 got wiped for brealgng the curse Can't s 
Blakie2244 got wiped for brealging the curse Can't s 
Blakie2244 got wiped for brealging the curse 'Can't s 
Blakie2244 got wiped for brealgng the curse Can't s 
Blakie2244 got wiped for brealging the curse 'Can't s 
Blakie2244 got wiped for brealgng the curse Can't s 
 wi  
Question with a scorqaaa 
 what does my curse mean 
"0 Soo vexX ""what does my curse mean "
" WAIT NOOOO, "
 WAIT NOOOO. 
" WAIT NOOOO, "
 daddy is that you?) 
(SUMMER): daddy is that you?) 
the sun or I'm on fire so pls don't die 
 yea 
-yed!  
 yea 
of 356 
You have a rope attachted to you (car an  
You have a rope attdchted to you (car an  
  
ee0 | 
 obby | 
obby 
 obby 
 no 
- CAN'T SIT NOW (car run) 
 | CAN'T SIT NOW (car run) 
"- | CAN'T, Sir NOW (car run) "
| CAN'T SIT/NOW (car run) 
 | CAN'T SIT NOW (car run) 
 dad is that you? 
(SUMMER): dad is that you? HI} 
 dad is that you? Hi} 
 that's it L wiping 
 Make sure to LIKE and FAVORITE the gam 
 Make sure to LIKE anf FAVORITE the gam 
 Make sure to LIKE and FAVORITE the gam 
 Make sure to LIKE anf FAVORITE the gam 
 Make sure to LIKE and FAVORITE the gam 
 Make sure to LIKE ani FAVORITE the gam 
 letis watch saul 
FPREMIUM]   letis watch saul 
fPREMIUM]   letis watch saul 
FPREMIUM]   letis watch saul 
 letis watch saul 
 AHH(carrun) = | 
(flower) AHH(carrun) | 
AHH(carrun) = | 
 AHH(carrun) = fF 
 AHH(carrun) =f. 
 AHH(carrun) = fF 
 AHH(carrun) = 
 _ | 
 Should I wipe? 
 Should | wipe? 
Should | wipe? _ 
 Should I wipe? 
 Should | wipe? 
 .  
 Noooe 
 twing 
  
 __ I 
 NGOO. 
HELP(carrun) = | 
HELP(carrun) =| 
 HELP(carrun) = 
 HELP(carrun)  f 
R]:  HELP (carrun) = |) 
R): HELP (carrun) = |. 
HELP(carrun) =| 
 HELP(carrun) = | 
14 revived themselvds from breaking a cu 
"Thaa_2014 revived,thmselvas from breaking a cu "
 Should | wipe to be free? 
Ya 
maxspringer]:  Ya  
 Ya 
 | am bald :( 
 lam bald :( 
 | am bald :( 
 | am bald :( ae 
 | am bald :( 
 lam bald :( 
 | am bald :( 
 @ 
 cet 
icould never 
(SUMMER): ieould never 
 
 same 
 same . 
 same 
 :skull:. 9 
 :skull: 9 
 :skull: 
 :Skulls Yyog@ 
 :skull> uae 
 Yas. 
as. 
 Yas 
think)l/should wipe this is too much (car  
think | should wipe this is too much (car  
 GOD DANGIT | HATE TH 
 @@@ - 
 @@@  
 time to play some amot 
 time to play some amor 
 time to play some amot 
 time to play some amor 
 #48 
 #448 
 #Ht 
 #48 
 #4H 
 ##H 
 #4H 
 Wee. 
  gets voted out  
 _ - 
|: ugh 
ugh 
(SUMMER): ugh 
 ugh 
 RAAAAAAAAAAA  YEE 
 RAAAAAAAAAAA   YEE 
 RAAAAAAAAAAA  YEE 
 eh? 
 Make sure to LIKE and FAVORITE the gam 
 i cant jump anymore 
 Ooof 
 Bre | got the gops 
 Hops  
 Hops ss 
 Hops 
 Hops  
 Hops 
 Hops  
 Hops 
 The opposite 
The opposite 
 The opposite 
Omg _ 
\Omgnne 
 magne 
 
Omg 
 Omg oem 
 Omg _ 
Omg 
Omg _ 
Omg 
 Wassup 
 Yas 
ieee of 531) oe 
score of 531 
 gigantic 
 having more 10000 iq  
 having more 10000 iq _ 
 having more 10000 iq  
 yes 
 Yas 
 than 
 than  
 than 
 than  
than 
 than 
 than  
 than 
 than  
 than 
 than  
 than 
 I'm lonely. 
 fm lonely. 
 I'm lonely 
 I'm lonely. 
 I'm lonely 
ee. | Oooof Man U got hunted 
 Qooef Man U got hunted 
 Oooef Man U got hunted 
 Qooef Man U got hunted 
 Qooof Man U got hunted 
 Oooof Man U got hunted 
 Qooof Man U got hunted 
 Qooef Man U got hunted 
Umm 
 Umm 
i will come back  
 Anyways 
 Or 
 Ok 
 fall damage? 
 
hmm I'll try it 
 hmm Ill try it 
 hmm I'll try it 
 hmm Will try it 
 backk 
 no that bad ig 
 not  | 
Curses have different level rariti 
 Curses have differen   Level rariti 
 Curses have differen   level rariti 
 Curses have differen  level rariti 
Curses have different level rariti 
 Curseshavedifferent __level rariti 
(System): Curseshavedifferent _level rariti 
(System) Curseshavedifferent level rariti 
 Curseshavedifferent __level rariti 
"i), Curses have different level rariti "
Should | touch a tree 
 Should | tough a tree 
 i got the curse? 
u  
 Ya 
;_x]:  then dont 
 then dont 
 then) dont 
reamakrepngaype 
Okkk 
fraamekceengeipe = | 
fpaamekeengaipe | 
Bath a score of 4614 
PREMIUM] 
I REMIUMI Monkey29141]:  1 
Ww  
\vourltocalMillightPerso) | YAY 
 YAY 
EyrLocal_LightPerstgr v4 
EyrLocal_LightPerstgr-4 
rLocal_LightPerswar Ym 
Uhh 
:o6maxspringer]: Uhh 
Ccoof Tae 
Cooof Ti 
Anywayshy 
\ 
Anyways 
AnywaySmne 
Come  ###### Jn 
Come we) 
Come Wie aa 
o@maxspringer]: Com: 
o@maxspringer]}:Com: 
Com 
Com: 
Com 
Neoee 
Neooe 
Neoee 
Acei  
 Aceh  
o@maxspringer]: Acek  
o@maxspringer]:  Acek  
o@maxspringer]: Acek  
 Aceh  
Acek  
 Aceh  
 Wasssu 
-Com 
Com: 
Com 
-Com 
",o@maxspringer]: Come "
"come Th, "
ogee) 
-Com 
-Com: 
-Com 
-Com: 
Nad we 818 Ne 
i_pthar  
apa ENT atela 
aimasterXx revivg  
ocr): Ok LGREAgOS TaN  
(O500f man Im old 
i) Moin and follay  
| Moin and follay  
i) Moin and follay  
 in cer): Any WaySues a 
ee oer]:  Any Waysues WA 
i pntye eek  
ij pntye ek  
ij pntye eek  
ij pntye eh  
os Wags) arity hehe 
sj] pty be  
ij pntye eh  
ij pntye ek  
sj pty be  
ij pntye eh  
ij pntye eek  
i pntye eh  
 oh. 
{zoemaxspringer |: Wha 
 
5 
 
_. 
zoemaxspringer): He can kill  
-zoemaxspringer]:  He can kill 
 He can killjjgmm 
 He can ia  
. Y 
 who 
x: who 
x x]: who 
x; who 
 who 
 Only he cane 
Oddet 
ithialscerc!of 7503  
t  
4 
No Maryeon.Comel Mn 
So Rernygoni-Comel nn 
So Merygon.Comel nn 
Pa Ti with rook:  NW 
Pa Thi with rook.  NS 
 Help uschit  
 Help  
 Help us  
=#goal for big updates a 
 oh i get it  
-oemaxsprin g@hwAnyWway 
oemaxspringenl  
mikeytheRed12:  
 nah WA 
nGames_YT]:  nah 
 byee | 
 byee 
 EW 
 EW @ 
";EW, | "
Vato yooh ontro\(@  CY\/ 
: :  
HARD 
ARD 
 Have a nice day! =) 
Have a nice day!  
 Have a nice day! =) 
 Have a nice day  
 Have a nice day! =) 
 Have a nice day  
 Have a nice day! =) 
 Havela@ nice day! =) 
|: Have'a nice day! =) 
 Havel@ nice day! =) 
|: Have'a nice day! =) 
 Havela@ nice day! =) 
SALLER): Oh no 
Maan 
Viernes 
WARD 
ARD 
Uwu  SUL 
LER): Uwu 
HARD 
WARD 
HARD 
WARD | 
HARD 
MARD 
HARD 
MARD 
HARD 
MARD 
Make sure to LIKE and FAVORITE the gam 
HARD 
with  GSreeneyege  
ME scorents708  
Help us hit our LIKE goal for big updates a 
-): Help us hit our LIKE goal for big updates a 
|: Help us hit our LIKE goal for big updates a 
| Help us hit our LIKE goal for big updates a 
(DALLER) Women 
(OALLER) Women 
(DALLER) Women 
 Yummy. 
 Yummy.  
 Yummy. 
" Yummy.  , aay "
" Yummy.   , aay "
 use code ##HHHHHHH 
 use code ###HHHHHH  
 use code ##HHHHHHH  
 use code ##HHHHHHH 
 use code ###HHHHHH 
 use code ##HHHHHHH 
 use code ###HHHHHE 
 use code ##HHHHHHH 
 use code ###HHHHHH 
 use code ####HHHHHH 
 use code ###HHHHHH 
 use code ###H#HHHHH 
 use code ###HHHHHH 
 use code ##HHHHHHH 
 use code ####H#HH#HH 
 use code ####HHHHHH 
 Ad pocalyps for a supri: 
 Ad pocalyps for a supri 
 Ad pocalyps for a supri: 
 Ad pocalyps for  supri 
 Ad pocalyps for a supri: 
 Ad pocalyps fo:  supri 
 Ad pocalyps for  supri 
 Ad pocalyps fo:  
 Ad pocalyps for a supri: 
joke pls dont ban me roblox) 
 Play  
Join and follow us for lots of redeemable 
 Join and follow us for lots of redeemable 
Join and follow us for lots of redeemable 
Join and follow us for\l6ts/6flredeemable 
Join and follow us for l6ts/6fFedeemable 
Toveckan  Join and follow us for lots\6f redeemable 
(System): Join and follow us for lots ofjredeemable 
rire ae  Join and follow us for lots 6fiFedemable 
rLaeyhy Pe  Join and follow us for lots/6f redeemable 
Tooekon  Join and follow us for lots 6fiFedemable 
Tock an  Join and follow us for lots/6f redeemable 
TO ohne  Join and follow us for lots/6f redeemable 
iter  Join and follow us for lots/of Fedeemable 
Let Ps  Join and follow us for lots/6f redeemable 
Ley ee  Join and follow us for lots/6f redeemable 
Ler  Join and follow us for lots/6f redeemable 
Ley  Join and follow us for lots/6f redeemable 
Ley ee  Join and follow us for lots/6f redeemable 
OBBY > 
SY te 
SOY atone 
with a score of 2785. 
GN 
pms 
yum 
ppt way 
eet reed 
pf ee  say 
Hip ee  say 
with a score of 2785. 
ea ph t D  Seay 
a Ae tay 
ae Ae tay 
Ar |} tay 
a Ae say 
Spt J Bay 
rt 2%] Gay 
tr 2%] Gay 
rt 2%] Gay 
f+ ia 
"eet Ptitie, "
with a score of 2785. 
OoBty 
Eyes opey 
ouby coe 
oBBY 
ouby 
OUBY 
with a score of 2785. 
OoUByY 
OUBY 
OoUBY 
OUBY 
OoUBY 
OUBY 
ye ouny 
_ 
with a score of 2785. 
IDRIOBOSS3evived themselyessnam breakingercurs 
IDRIOBGSS3avived themselyessnom breakingecurs 
IDRIOBGSS3avived themselyessnom breaking ercurs 
IDRIOBGSS3avived themselyessnom breakingercurs 
IDR1IOBOSS3avived themselyessnom breakingecurs 
IDRIOBGSS3evived themselyessnom breakingarct  urs 
DRI0BOSS revived themselves from breaking a curs 
DRIOBOSST Ved themselvesitrom-breaking a curs 
DRIOBOSS? Ved themselvestegomibreaking a curs 
DRIOBOSSH Ved themselvestenomebreaking a curs 
SEH 
DRIOBOSSVived themselVesstmombreaking a curs 
DRIOBOSS Ved themselvessenombreaking a curs 
DRIOBOSS Ved themselvessenombreakiM@jaycurs 
DRIOBOSS Ved themselvessenombreaking a curs 
DRIOBOSS Ved themselvestenompbreaking a curs 
DRIOBOSS revivedithemselvessinom breaking a curs 
URIOGOSS revived themselvesifrom breaking a curs 
DAIOBDSS revived themselvesttnom breakingrcurs 
DAIOBDSS revived themselvesitnom breakingercurs 
DAIOBDSS revived themselvestnom breakingercurs 
DAIOBDSS revived themselvesttnom breakingercurs 
DAIOBDSS revived themselvesitnom breakingercurs 
DAIOBDSS revived themselvesttnom breakingercurs 
DAIOBDSS revived themselvestnom breakingercurs 
DAIOBDSS revived themselvesttnom breakingercurs 
DAIOBDSS revived themselvestnom breakingrcurs 
DAIOBDSS revived themselvesttnom breakingercurs 
DAIOBDSS revived themselvesttnom breakingrcurs 
IDRADGOSS revived themselves frompbreaking a curs 
IDBIDBOSS revied themselves frompbreaking a curs 
IDRADGOSS revived themselves frompbreaking a curs 
IDRAIDGOSS revived themselves frompbreaking a curs 
IDRADGOSS revived themselves frommbreaking a curs 
IDRADGOSS revived themselves frompbreaking a curs 
IDRAIDGOSS revived themselves frompbreaking a curs 
IDRAIDBOSS revived themselves frompbreaking a curs 
DR10G0Ssirevived themselyessinom breaking a curs 
DRIGBOSS revived themselvesttnom breakingarcurs 
DRIOB6SS revived themselvesttfom breakingercurs 
DRIOBGSS revived themselvesttfom breakingercurs 
DRIOB6SS revived themselvesttfom breakingercurs 
DRIOBGSS revived themselvesttfom breakingercurs 
DRI0B6sS revived themselvesttrom breakingarcurs 
DRIOBGSS revived themselvesttfom breakingarcurs 
 Curses have different ) ~~ level rariti 
Curses have different  
"Sy]:  Curses have different, \ tevelfrarit "
Curses have different | tevelfrarit 
u  
 Curses have different ) ~~ level rariti 
Curses have different  tevelfrarit 
Curses have different | tevelfrarit 
Curses have different \ tevelfrarit 
Curses have different  tevelfrarit 
Curses have different \ tevelfrarit 
Curses have different  tevellrarit 
Curses have different \ tevelfrarit 
 Curses have different ) ~~ level rariti 
Curses have different \ tevelfrarit 
Curses have different  tevelfrarit 
Curses have different \ tevelfrarit 
 Curses have different ) ~~ level rariti 
Curses have different \ tevelfrarit 
Join and follow us for lots of redeemable! 
Join and follow us for lots of gedeemable 
Join and follow us for lots of redeemable! 
Join and follow us for lots of redeemable 
Join and follow us for lots of redeemable! 
 Join and follow us for lots of redeemable 
ns _.) #oinland|followusttomlotstopnedeemable) 
ln _.) foinland|followusttomlotstonnedeemable) 
ns _.) foinland|followusttomlotstopnedeemable) 
ns) Poinland|followusttomlotstopnedeemable) 
| =) Poinand|tollowsusttomlotslofredeemable) 
| =) Poinand)tollowlusitomlotslofnedeemable) 
Join and follow us for lots of redeemable 
 Join and follow us for lots of redeemable 
Join and follow us for lots of redeemable 
 Join and follow us for lots of redeemable 
Join and follow us for lots of redeemable 
 Join and follow us for lots of redeemable 
Join and follow us for lots of redeemable 
|: Join and follow us for lots of redeemable 
follow us for lots of redeemable  
 Join and follow us for lots of redeemable 
follow us for lots of redeemable  
{System}: Join and follow us for lots of redeemable 
follow us for lots of redeemable  
 Join and follow us for lots of redeemable 
|: Jein and follow us for lots of redeemable 
"Join and follow us for lots of,redeemable "
 Join and follow us for lots of redeemable 
Join and follow us for lots of redeemable 
>|. Join and follow us for lots of redeemable 
Join and follow us for lots of redeemable 
|: Join and follow us for lots of redeemable 
>|. Join and follow us for lots of redeemable 
|: Jein and follow us for lots of redeemable 
~ |: Join and follow us for lots of redeemable 
| Join and follow us for lots of redeemable  
 Join and follow us for lots of redeemable 
{BAUER 
{SAUTER 
 Ne: 
(BAUER): 
{SAUTER 
BALI n-no @ 
n-n-n-n-no  
BAUEER|:n-n-hogge Ves 
 n-n-no@ 
 n-n-no @ 
n-n-no@ 
__  
 n-n-n-no @ 
 n-n-no@ _ 
n-n-no@ 
 n-n-n-n-no 
 n-n-n-n-no @ 
 n-n-n-n-no@ 
 n-n-n-n-n-n-no @ 
n-no@ 
n-no Ga 
 n-n-n-n-n-n-no @ 
n-n-no@ 
 n-n-n-no  
 n-n-n-n-no@ 
 n-n-n-n-n-n-no @ 
 n-n-n-n-n-no@ 
 n-n-n-n-no@ 
 Aenen-n-no@  
 n-n-n-n-no@ = 
 n-n-n-n-no @  
 __  4 
(BALLER anom@ ss 
 n-nom@ 
 n-n-n-n-n-n-no @ 
n-n-no@ 2 
 n-n-n-no@ 
 n-n-n-no @ 
(EALLES TAen-n-no @ 
 n-n-n-no @ _  
 n-n-n-no |  
 HAHHAHAHHAHA NOODLE ARM 
 HAHHAHAHHAHA NOODLE ARM | 
TOO):  
 HAHHAHAHHAHA NOODLE ARM | 
 HAHHABABHAHA NOODLE ARM 
 HAHHAHAHHAHA NOODLE ARM 
" Bruh, p | "
 Bruh. 
 Bruh 
 Bruh- 
 Bruh  
Bruh 
 Bruh 
 what its funny 
 wha ny 
 what its funny 
 wha ny 
bBigSid2010]:  | gotga gumse | love 
 | got a curse | love 
 | CAN SEE EVERYTHING 
 1 CAN SEE EVERYTHING 
 | CAN SEE EVERYTHING 
 1 CAN SEE EVERYTHING 
 | CAN SEE EVERYTHING 
 h-hampter ---+ @ 
 Curses have different -__level rariti 
 Curses have different __level rariti 
 Curses have different -__level rariti 
 Curses have different __level rariti 
with a score of 1545 
with a score of 1545 _ 
 - @ | 
{BALLER]: ---@ | 
{BALLER]: ----@ 
 0-0-0-0-0-0-of 
 0-0-0-0-0-0-of) 
 0-0-0 @ 
 0-0-0 =f 
 0-0-0o@ 8=s |. 
 0-0-0 @ 
 #-f-f@  
 ##HHHHH @ | 
 #HHHHHH @ | 
 #####@ | 
" ###@ =, "
" ###@ of, "
 sebeeeeeeeateteee 
 sebeeeeeeeatetee 
 sebeeeeeeeaeeteee 
 sebeeeeeeeeeeteee 
 ##HHHHHHHEHH  
 ##HHHHHHHEHH @ 
 ##HHHHHHHEHH  
(BALLER): ##HHHHHHHEHH  
 ###HHHHHHEHH  
 ##HHHHHHHEHH  
 ###HHHHHHEHH  
 ##HHHHHHHEHH  
 ###HHHHHHEHH  
 ##HHHHHHHEHH  
 ##HHHHHHHHHH  
 ##HHHHHHHEHH  
| 
No] 
 0-0-0-0-00f --@ 
 where'd thalhouse go? 
 0-0-0-0-oof @ 
 0-0-0-0-o0f @ 
 0-0-0-0-oof @ 
 0-0-0-0-o0f @ 
 0-0-0-0-oof @ 
 0-0-0-0-o0f @ 
 0-0-0-0-oof @ 
 0-0-0-0-o0f @ 
 0-0-0-0-oof @ 
 what de  
 what de hell 
 what de  
 h-h-h-h-help @ 
  
 b-b-b-b-b-boo 
 n-n-no@ 
 i d-dont want t-to @ 
 tobad =f 
tobad | 
tobad =f 
 tobad =f 
tobad ff 
 __ 
  -   
 Help us hit our LIKE goal for big updates 4 
 Help us hit our LIKE goal for big upda  
 Help us hit our LIKE goal for big updates 4 
  
 1 
 1  
 1 
 1 > \  
 1 
with a score of 857 
with a score of 857 >  
with a score of 857  aa 
Jellysbiggestfan2020 revived themselves from bra 
Jellysbiggestfan2020 revived themselves fi  rom br 
Jellysbiggestfan2020 revived themselves from brd 
Jellysbiggestfan2020 revived themselves from bre: 
6Te4  
6164)  
6164  
6164 = a   
Necoo ~ Ee  
 Neooo  
Neooo _-F  
Neo0o   
Neooo   
Neo0o +  
Neooo   
Neo0o   
Noooo  _  
Neo0o   
Noooo  _  
Neo0o   
 Neooo 
angellove2236 revived themselves from breaking a 
angellove2236 revived themselv:  
angellove2236 revived themselves from breaking a 
angellove2236 revived themselves from brealfing a 
angellove2236 revived themselves from breaking a 
angellove2236 revived themselves  
angellove2236 revived themselves from brealjing a 
angellove2236 revived  themselves from brealfing a 
angellove2236 revived themselves from breaking a 
angellove2236 revived themselves from brealing a 
angellove2236 revived themselves f  
angellove2236 revived themselves from brealing a 
angellove2236 revived themselves from brealaing 4 
angellove2236 revived themselves from brealgng a 
angellove2236 revived themselves from brealing a 
withia score of 373 TE  
- 
(Sysqeny 
| JHave aniceday! =) ae 
jie) Havelajniceday!=)) | btes  
nice|day!!=)) 
 Have a nice day  
 Have a nice day!  
"Have a nice day! =), "
"5 SES""): Have a nice day! =) "
SS]:  Have a nice day!=)__ 
Have a nice day!  
Ss SE Have a nice day! =) 
I got cancer  
r 
"ASS BRIDGy, | ab "
ASS  7 oF 
Bondamtrogi0l|revived|themselves|trom breaking 
ae alatrogi01|revived|themselyesttrom|breakingnt 
anda afrogiO1|revimed| themselyvestrom|breakingn 
JOT revived them: il  
ondaltrogi0 revived themselvesttjoni cao aie 
"Pr yey OreatO"" revived) Gramsahvas (renin bret) + "
Pr yay rear On revived) Hramachvas (irenn lreatuiarg) + 
"Pr yey reat O"" mewhvad) Hramsahvas (neni lreatuiarg) + "
Pande AregiO) revived) tnemicalbeas itrenn bareatiarg) : 
Pande AregiO) revived) trenicallvas itrenn bareatiarg) 
Pee Frag ON) Mawhvnd idivenacallvas inenn breading: 
Prrdle reg ON] mewhuwd idivemacallvas inenn lareatinarg) 
PRED sare 00r) mewturnd) idivemagallvas itvenn breading): 
"PrefiQeby Ager 00"") mewtund idhvemagalleas ream  esata "
Pryde Sty Ny Mere. idivemacalleas itvenn breading: 
Patpa res icr VPPRRES idivemacalleas itvenn reading): 
Parag reg on TERRES tdivemacalleas itvann lareatinayg  
KEARAL AaRA Daher Nata 
Prrrdia _iareagQn metas dhvemagallvas RrsanGSideatanrg : 
Parde AaggyOn mes Merne dhentEellvas itrann lypareianyae 
Bards _iagegion oe tyes dhenacalloas Mnegp haat : 
Parde _anegnior OP egees dhvemagalleas ivenn lareatinarg) 
"Pane Greil) eos, pane sel oes irenn bareatiarg) "
ER icy cdtbrs ee ea Goo ee  
Prarndia rein nel nemagalleas ivan lareatinayg) 
Prrrdle Argh) mevtops Racal eas ivan bareatinarg 
Parde Aree Oi) Mewtund Ghar eans itvann breading): 
Prrrde Aref ON) menturnd) idhvenacieladbemtrenn lreatinayg) 
"(Peeivdla,_(frmsgyOn) ameter eniicall a aglegy sal "
Pes Ga ane heGmdy aa oes Cron EERE | 
Pande fregiOt  2 dhvemagallvas (trenn bree ep 
Pravda Aregt0N) merturnd) divemacalleas (ven breading: 
Piagyage Area 0n) mewhvnd) (divemagalleas iran areata  
Piagyags reg 0N) mewOurnd (dhvemacallees tren areata  
Piagyays reg 0N) mewOund (divemagalleas itneni lareatiayg)  
Piaggyage reed 0N) metre (dhvenmagalleas iran realy)  
Piaggyays reg 0N) rewind (dhvemagallees renin lareatiayg)  
Piaggyays Aree 0) mewOvrnd (dhvenagallees ivan breathing)  
Pragagys Aree 00) metus (dhvemagalleas ivan areata)  
Praggysie Aree 0N) meta fdhvenmagallees iran lareatiayg)  
Hews s reg NON) mewOurnd (dhvemagallees iran areata)  
Praggysie Aree 0N) metus (dhvaenagallees ivan lareatiayg)  
Pragysie rer) ments) (divemagalleas tinea lrea(oNAyy  
Pragysie reg 0N) meet (dhvemagalleas inom lareatiayg)  
Page treo mEtand idhvemagallees ivan lareatuiayg)  
"Brresrthe Grea I0"") meh UE GE ae Fron Ip halite, J "
Prggasie Aree 0N) mewOurnd (dhvenagalles ireni bareatiayg)  
Banda _frogi01\revived themselves from)breakingk 
Panda_frogi01\revived themselves from breaking 
oe EEE Ode viv eckthen 
oe Ode viverkthey 
ome Men Ode viwedt hel 
oe Ode viver-them 
ome Ween Coyiyed-th ep 
ome Waa Coyiyed:th on 
Prrdle reg 0n) marine dhvemagalbvas finan brated inna 
op shems 
op SOeMSE 
Fee wowsived-themceli: Waren Wei Vece-them ceive. f 
uhhh iF  
 Hey guess | can go through the wall in  
through the wall in thi  
{
| GeRMpHelp.us hit our FIKE goal for big uy  
| GYR Help us hit our FIKE goal for big uy  
SS BRIDGEIE 4 
SS BRIDGELE 4 
SS BRIDGE\|E- 44 
SS BRIDGE|H 4&4 
SS BRIDGE|HE 4&4 
SS BRIDGE|E 44 
SS BRIDGE|HE 44 
(Soda Ss/eMz ee F 
(Goda SsjeMe  2 
MP oA 
Loisa2) gli 
OEE bh pped my glasses  
"YD"" cidrdpped myglasses  "
> 'Tidiepped my glasses  
> idiepped my glasses  | 
> Tidfepped my glasses  
"> ""Tidiepped my glasses  "
Ce dneppedimy glasses 
Cb dneppedimy glasses 
Ce dneppedimy glasses 
|S. > VRidhopped Myfglasses  
= > S)\Midrpped myiglasses  
= DS) Midrpped myiglasses 
= DS )\Midrpped myrglasses 
cer ses 
DS eN  Fidropped mysgta: 
"+>"" FidEopped mysglassess "
">"" =) FidEopped mysglassess "
">"" ""= \FidFopped mymglasses\ "
"+>"" = FidFopped mysglassess "
"0)"". Tdfepped:my glasses &  "
ASS BRibDGcE| FF  
ASS BRIDGE | FF & 
ASS BRIDGELE  
ASS BRIDGE & 
SS BRIDGELE  
~s BRIDGELE | 
SS BRIDGELE | 
Walt (@CandyCute/U/)) 
BRIDGE 4 
>BRIDGE 1 ieee 
BRIDGE 5 
Blinking 
5S BRIDGER 4 
ASS BRIDGE Baa   
ASS BRIDGE Bea  
ASS BRIDGE Bae  
ASS BRIDGE RE = 
ASS BRIDGHaka 
ASS BRIDGHakaE 
ASS BRIDGE  
ASS RiDGred 
ASS BRIDGHan 
> =~ ThOwisthatyoundisplayname?? _ 
> =~ Thbwisthatsyoumdisplayiname?? _ 
> =~ ThOwinthatyoundisplayname?? _ 
> =~ Th8wisthat.yourdisplay-name?? 
3). Showisthatyour-display name?? 
"|"" AhByeistthat youndisplaymname "
"|"" AhBvEistthat youndisplaymname "
"|"" AhByeistthat youn displaymname "
"|"" AhBveistthat youndisplaymname "
"| ="" AhByeistthat youn displaymname "
(Mabicm Ge Nervosa we  
(Mabicm GH NervoGisin We  
(Madbich GH Nervoatse: we  
MUMS T 
no 
(Uifocds\Misfitle mmincsicioa  
WUTEOCIAWMisfit] 438% ce (\ OD 
(Upfocdis\Misfiti@ise?: 4 - Be OF 
"(Ubtocal, MisfitleI38tunce Be Of "
(Upocal_ MisfitjeI38tunce Be fF 
fUrLocal_MisfitleI38tunce Bf 
fUrLccal_Misftimest gc Ee  
fUrLdcol_Misfit}:19S.-> Be 8 
fUELdcul_ Misfit}: 1987-7: Ee Of 
fUrLdcol_ Misfit} iss7. ce Oe BO 
"KEY, "
qUrLocal_ Misfit]:  138% pc c 1  
5 FSFeo~eers | I 
5 FSFea ones | J 
A 
OAR RARE ARR te ad) thanicallwas trans 
OAR RARE ABRs tead) thaniealwas tran rmalig #3 
OAR RAAE AR a) thanicalwas fran rmalmg #3 
"OAR RAAE AR toad) thanicalwas, fran rma @ & "
ORAS OER RoR tharicaheas finan snmalimg # @ 
pear: 
RVAEPINK Y PIE Wexuedkthentse We cinaa iano Gen 
| es 
0 
r \TD@oP MAAN 
r \D@oP MAAN 
"""Have anice day!=)) "
justJeckh 5.2 
re ee speed 
jadass]=hfell  
5); We are brothers \  
5); We are brothers   
NOoOo  
jadass]yNOoOo  
"Badass]:  WHAT HAPPENEDY, ao)   WHAT HAPPENED, son,  "
Oh thank good comelup 
What happened 
hat happened 
_ |: Ididn't say has 
~ |: Ididn't say has 
_ |: didn't say has 
_ |: Ineeded to 
a. |: Ineeded to 
jadass]:  | fell s  
Maggieac06): Glass  
Maggieac06]:  Glass 
 
Maggieac06]:  Glass 
A 
ont 
lap)  
fs Blinking 
"finxy dlinxey, "
Badoss|sStand|stillino\ 
 What 
 
 What 
 | forgot | had copycat X3 
(PBENUM]   | forgot | had copycat X3 
 oops 
 oops: 
 oops 
fBBEMIUM]   oops: 
oops 
ihanisallwas firenn bream 2 auree 
Dini: 012 thanicallves trons breating  ours 
CANT TOUCH ITHE'COLOR|PEARE: 
ICANT) TOUCH THE COLOR:  
"ICANT) TOUCH THE COLVOR'PEARIW, "
"Badass) .I|CANT TOUCHITHE COLOR|PEARE, "
"| Dadas:).I|CANT TOUCHITHE COLOR PEARL, "
ICANT TOUCH THE COLOR|PEARL 
ICANT TOUCALEHE COVOR|PEARL 
Badass); CANT OUCH HE|COLORIPEARL 
 | have cursed teddy bear 
 Join and follow us for lots of redeemable 
 __ 
 Oh 
eS Nea ot) 
locuudkRachanmannt) 
De 
jiSedo SS) ahhavethelhe  
| Purine.) slid)belso|happys dude)  
eee ee) NHAVE/BEINKIIG) 
chanmannt has just cursed AvaRosalina2014 with F 
"(Badass) sSlippery, "
(Gadassis 
chanmanni has just cursed)AvaRosalina2014 withi 
chanmanni\has just cursed/AvaRosalina2014 with C 
chanmannt has just cursed AvaRosalina2014 with C 
chanmannt)hasjusticursed-AvaRosalina2014 with C 
chanmanni has just cursed AvaRosalina2014 with C 
chanmannt has just cursed AvaRosalina2014 with C 
chanmanni\hasjust cursed AvaRosalina2014 with C 
chanmannt has just cursed AvaRosalina2014 with C 
chanmann!1 has just cursedAvaRosalina2014 with 
chanmannt has just cursed AvaRosalina2014 with C 
mean train 
 THE HOUSE IS ON FIRE DUDE 
" THE HOUSE IS ON FIRE DUDE, jpe "
 THE HOUSE IS ON FIRE DUDE 
" Cool, dude@ "
 Cool dtide See rrersyraP) 
"with\a score of 826\\ ~~ Ys, "
 Dud 
 Dud | 
__ 
 Bye 
score of 1413 
 the house is on fi 
" Cool, dude @ "
" Cool, dude@ "
" Cool, dude @ "
" Cool, dude@ "
" Cool, dude @ "
" Cool, dude@ "
" Cool, dude@ \  "
" Cool, dude@ "
 Cool) dude @ 
"|: Cool, dude @ \  "
" Cool, dude@ "
" Cool, dude @ "
" Cool, dude @  e > "
" Cool, dude @ "
" Cool, dude@ "
 
" Cool, dude @ "
" Cool, dude@ \  "
 Curses have different levet rariti 
 Curses have different level rariti 
iG 
", "
Athrizel has just cursed Spiderman27589ulwithiean| 
Athrizel has just cursed Spiderman27589ulwith/ ean! 
Athrizel has just cursed Spiderman2758auiwithuean| 
Athrizel has just cursed Spiderman27589ulwith ean! 
Athrizel has just cursed) Spiderman2758auiwitbiean| 
Athrizel has just cursed Spiderman27589ulwith ean! 
Athrizel has just cursed Spiderman2758quiwieoiean| 
Athrizel has justicursed Spiderman27589ulwith ban! 
Athrizel has just cursed Spiderman27589ulwithiean| 
Athrizel/has justicursed| Spiderman27589ulwithieal 
Athrizel has just cursed Spiderman27589ulwitbi ean! 
Athrizel has just cursed Spiderman27589ulwith ban! 
Athrizel has just cursed Spiderman27589uiwitb ean 
Athrizel has just cursed Spiderman27589uiwitb lean) 
chanmanni1 has justicursed/AvaRosalinaeOLLwiEhie 
chanmann1 has just cursed AvaRosalingROsuwitbik 
chanmanni has just cursed AvaRosalinaROsd-Wwitbie 
chanmannt has just cursed AvaRosalinaeot4 Witble 
"chanmanni,has just cursed AvaRosalinaROsawithie "
chanmanni has just cursed/AvaRosalipa Oia witbik 
chanmann(\has just cursed/AvaRosalinaOia wikbiE 
chanmanni has just cursed AvaRosalingOdewirbie 
"chanmannt,has just.cursed AvaRosalingeOda wikbie "
" lol, kek even. Mean train "
" lol, kek even.Mean train, "
" lol, kek even. Mean train "
" lol, kek even.Mean train, "
" lol, kek even. Mean train "
" Cool dude@ Cool, dude "
" Cool dude@ Cool, dude S "
" Cool dude@ Cool, dude "
 come 
676 
 Linxy P'm get whipped 
inxy P'm get whipped 
 Linxy P'm get whipped 
 Are youready | 
 Are youready  
 NOOOO  
 3 _ 
 2 
 2 _ 
 1 
chanmanni\has just cursed chanmanny 
 PLS 
 Bye @@@ 
 Bye OQ 
 Bye @@Q 
 Bye @@@ 
 Oh thank god thats not pearl = 
 Oh thank god thats not pearl 
 Oh thank god thats not pearl  
 Oh thank god thats not pearl 
'm alive  
 Pmalive  
 Hi 
 Pm alive 
when | gave you that curse badass. Mean Train 
when I gave you that curse badass. Mean Train 
when | gave you that curse badass. Mean Train 
mask_girllll revived themselves from k  
mask_girllll revived themselves from  
 oh right 
" you can't tell me, mean train "
" derp, mean train. "
estshot = = j= | | 
estasheot +=  oh 
 'm coming 
hot air balloon':with a score of 525 
hotair balloon'with a score of 525. nn 
"hot/air balloon':with,a\score,of 525, "
hot air balloon':with a score of 525 
hot air balloon!:with a score of 525 
"hot air balloon':with a score of 525, "
"hot air balloon!:with a score of 525, "
hot air balloon':withalscore of 525 
chanmann1 has just removed Giraffe  
 I'm get wiped 
 'm get wiped 
  
 Pm sorry | 
 But it has to be done 
 Good bye 
 Friend  
 @@@ 
 Help us hit our LIKE goal for big updates a 
 That's kind of hilarious if tru 
 Hi 
 | was wiped 
 | was wiped  
 | was wiped 
AllisonG813 revived themselves from  
 and I'm going to be to. 
 and I'm going to be to 
 and I'mgoingtobeto = 
 and I'm going to be to. 
 figure 
 Are youserious 
Are you serious en  
 Are you  
 Are you serious 
 First curse | get cant die 
tigure.with a Score of 2364  
figure with a Score of 2364  
'figure with a Score of 2364 ~ 
figure with a Score of 2364 _ 
tigure with a Score of 2364 _ 
figure with a Score of 2364 
 
(MILO): Head~ 33 
(MILI): Head~ :3 
(MILEY): Head~ :3 
(MILy:Head~>wo 
(MILIOY): Head~ >w 
(MILIOy): Head~ >w 
(MILICY): Head~ >w 
(MILICy: What the- 
(MILION: What th  
MILICY): What the~ e. 
(MILION: What th  
 _ 
Austyn92013 revived themselvdstrom breaking a c 
 I know  
 I know 
 Same 
 Same  
 Same 
 be you got wiped  
 be you got wiped 
el Fie 
INOISYATIGCS) 
Memmnylord He | 
sed teddy 
"(Gadess\sManimy tuck trash ""3 "
(Godes=\sManimy tuck trash om 
leveryitimelyou wanna use chat. 
>  
leveryitime youwanna use chat. 
every time you wanna use chat. 
leveryitimelyou wanna use chat. 
wanna use chat.  
leveryitimelyou wanna use chat. 
wi 
we. 
wm. 
"~\"" "
"\"" "
now what ican and cant say  
now whati can and cant say  
now whati can and cant say  ee Sidon: 
now what ican and cant say  ee Sidon: 
now whati can and cant say  ee Sidon: 
now what ican and cant say  ee Sidon: 
kc. 
I'm untdtkyeee 
I'm untGtkyaee 
I'm untGtkyeee 
level rariti  
' 
 Or the number ) 
th3 letter 
Eigen) gq fo | J gi Be] 
(Badass | wihat though} 
qhat though} 
Withescoreot2ie WM 
withascoreof2ie Wm 
ee PP 
iRightinoodlel 
wit (a E)  
wit  E)  
wit  E) 
| DAMIT  
iGadass\al'm sorry | have to gay 
ada s]- just wanna play  
 N@sorry~ >w 
N@sorry~>w sg 
Gadass]: \No.sorry~>w 
{Gadass]\Nosorry~>w se 
 Pll be back soon justignind.=:3 
and follow us for (Gtsiofired  
 sus 
2 SLlASSBRIDG mB  
fRoutfey]:  Cooldede> 
"}RoaMRG: Cool, dudes ia "
"}RoaMReG: Cool, dudes ia "
"}RoaMRG: Cool, dudes ia "
"}RoaMReG: Cool, dudes ia "
"}RodMneG: Cool, dudes ia "
"rkOurfaey]:  Cool, dade "
PecrijasttiatestdudeS WO 
" Cool, dud "
" Cool, dude@ "
" Cool, dude @ "
 Make sure to LIKE and FAVORITE the gam 
 Settle NOT COOL DUDE & 
 Settle NOT COOL DUDES  
 Settle NOT COOL DUDE @ 
 Settle NOT COOL DUDE & 
icant see 
 icant see 
Athrizel has just removed Pop-ups from Athrizel!@ 
" What I'm Cool, dude@ "
" What Im Cool, dude@ "
" What I'm Cool, dude @ "
 finally ican see 
 Settle NOT COOL Dude & 
 Settle NOT COOL Dude @ 
 Settle NOT COOL Dude & 
 bre is 
 dumb 
 Settle who cool kid not 
