"(UnicornMagic131110]:  Amazing order, Is that all for you today? "
"winter]:  u can click ""developer"" and search that "
pip]:  oo well sorry abt that then! lol 
(Ohiof00dd):  
 There are many types of coffe wich one do you want si 
zone? | need to make an order 
 any. 
" any, "
"winter]:  maybe the game name ""get a job""  "
iblaze]:  TYSM TYSM  
 chocolate chip please 
 Open lane! 
celine]:  Yes 
winter]:  u must finished 7/10 task 
winter]:  yeah np 
 small 
 Back 
isharkie]:  alr 
pip]:  oopy- ah thank you! 
 Oh sorry this is claimed. 
 Hello! 
"jennie]:  Hello! Welcome to pastriez bakery! im jennie, what can i get you today? "
 Hey excuse me u can't aim this register  
 it's submitted? 
 ok 
 Open lane! 
pip]:  ya too! 
(Ohiof00dd): Alright your order will be in your inventory soon! 
 #### 
isharkie]:  yep 
 ok 
 yay ty 
you today? || O@ 
VIP]   Hello! Could | get a regular peach bubble tea please? 
lulu): u didnt claim 
that will be all! 
  
Abby and | will be helping you today! What can | get you started with?  
ye me on second please !  
 Okay! 
VIP]   Wait for another one to open up 
lulu}: bro what 
 One second. 
 Hi 
 over here 
 
 Yep! 
 hi 
VIP]   Thank you! 
winter]:  open lane! 
Kaitlyn]:   
VIP]   Claim another register. 
VIP]   Yes 
 Amazing order! 
VIP]   Thanks! 
 Open lane 
 Can havea 
"VIP]   There's no such thing as ""register reserving"" "
shortly! 
PaperClip]:  can iget a sugar cookie 
|OBV1OUSLAYABBY]:  Obviously not 
winter]:  open lane ! 
 okk 
 ofc! anything else?  
 And a cappuccino 
 Open lane 
" Yes, lychee bubble tea large and a brownie "
 open line 
PaperClip]:  a coffee please large 
 Okay! 
winter]:  open lane ! 
 Open! 
 Amazing order. 
 Open lane! 
pip]:  ofc! any specific type of coffee? 
 Ty 
  
 decaf 
 open line 
 Thank you! 
VIP]   Oop- 
here shortly! 
jennie]:  All done thabk you 
pip]:  alrighty! no ice? 
Red]:  kitchen leader squad xD  
 Open! 
VIP]   Lol. 
VIP]   :rainbow on 
Whocares]:  Thank you 
VIP}   loll 
 yh ice 
you today. what would you like to order on this lovely day $0 
VIP)   squad   
winter]:  open lane! 
pip]:  okay! will that be all? 
VIP]   !walkspeed 
 mhm! 
isharkie]:  hit i'll have a large mocha iced coffee please! 
Abby and | will be helping you today! What can | get you started with?  
perfect! your order will be comin up!! have a nice day :)  pip! 
Whocares]:  Why a popsicle?. 
 tyyy 
 anybthing else 
Whocares]:  Royal_luna(smth) i did not ask any order. 
isharkie]:  nope :) 
 _ 
 Open! 
 Open lane! 
Whocares]:  You sent a order tome 
 only ic mocha 
 Open lane! 
 K 
Whocares]:  Except bubble tea 
 can | get a strawberry cupcake 
you today? || O@ 
 Open! 
 Open line 
 What was your order? 
 open line 
jennie]:  Any choice of icing? 
 open line 
"VIP]   No, rainbow name and balloon "
 ? 
 mhm 
 Open lane! 
 vanilla ? 
 Open! 
 open line 
 open lane! 4  
 Open lane! 
VIP)   Hello! 
Whocares]:  extra. 
"isharkie]:  Hello, how can | help you today? "
 thats all! 
Red]:  alr. 
VIP]   My Grammar today. 
 Can you do the order agn 
Whocares]:  Did you have it in inv before submiting 
winter]:  yea 
 open line 
"jennie]:  Vanilla, oreo, chocolate, mint, strawberry or unicorn icing "
 my grammar is pro max xD 
 Okay! Amazing order.  
VIP]   HA 
Whocares]:  Okay 
 unicorn! 
 | am. Arabic 
winter]:  ok tysm! 
here shortly. 
VIP]   Yep! :D 
VIP}   Oh cool! 
 | from Algeria 
 tyyyyy. 
jennie]:  Have q good day! 
lulu): open 
jennie]:  Open lane! 
winter]:  ur ava so georgius 
"isharkie];: it's submitted, enjoy "
Whocares]:  Open lane 
VIP]   | love your avatar btw! <33 
VIP]   Thank you so much! Have a great day!! 
isharkie]:  tyyy 
 u tooo 
  
(CluelessMiley]:  Open lane!! 
 open line 
 open lane 
 Open lane! :) 
 Open lane!! 
winter]:  hi 
 Hiw do i get the fit 
"isharkie]:  hello, how canihelp u? "
you today? || O@ 
VIP]   Back. 
 welcome 
 Oops 
 
VIP]   No worries! 
VIP]   Hi! Could I get a sugar cookie please? 
winter]:  can i get one bubble tea? and macaron? 
VIP]   Wheres thesupervisor? 
jennie]:  Open lane! 
 here 
lulu): open! 
winter]:  the flavour is up tou 
 ur fav 
"isharkie]:  alright, what size? "
ViP]   K. 
kenna]:  open lane! 44 
Vip)    imod no more! 
winter]:  regular 
PaperClip]:  will that be all miss 
 ### 
 Open lane! 
VIP]   Yes! 
 k 
 yep. 
VIP]   Thank you! 
Whocares]:  Thank you 
 alright ty for buyying at pbb 
|UnicornMagic131110]:  Open Lane! 
  
 Open lane! 
jennie]:  The menu is above order when youre ready! 
 welcome Abby!! 
 How do i clai 
winter]:   
"isharkie]:  submitted, ##### "
 Claim? 
isharkie]:  np 
 Click on the registers screen! 
VIP]   Thank you!  
 44 
jennie]:  Open lane order when you're ready! 
VIP]   :rainbow on 
 Tyy 
"winter]:  oma omaga misi misi ma ai don r ili, ai don rili ker of uu "
 Open lane! 
 No! 
CluelessMiley]:   
 Open lane! 
 Np!  
VIP]   !walkspeed 
|UnicornMagic131110]:  Open Lane! 
red chocolate dipped apple? tysm! 
VIP]   Hello! 
jennie]:  Open lane! 
winter]:  why i always be a trainee? 
 Hi welcome how can ihelp u! 
Baby_Cake]:  open lane & 
"Alfieshmalfie]:  Hi, can | get a blondie, and a iced latte medium size? "
winter]:   
winter]:  are u there? 
VIP]   May I please have a regular lychee bubble tea? 
 Sure! 
VIP]   rainbow on  
 Blondie? 
 Sure 
VIP]   Leave the group to no-longer bea trainee  
(Alfieshmalfie]:  Yes please! 
may i take your order today? 
VIP]   be a  
VIP]   Your avatar is adorable btw! <33 
winter]:  
Whocares]:  Open lane 
VIP]   Ywaaa 
Red]:  can I get cake pop please 
sharkie]:  open lane! 
 flavor ur choice 
(monday123113113]:   
imonday123113113]:  Good morning| how are you? 
 sure what falvor 
 open lane 
 tysm! 
(CluelessMiley]:  You should receive your order soon 
PaperClip]:  ohh ty :) 
"nicole]:  damn those annoying kids are away, "
Red]:  that's all think 
Vip)   
VIP]   Its all good! | know I was a bit lost when | first started!! 
 Have a wonderful day 
"isharkie]:  Hello, my name's Ash! How may | help you today at Pastriez? "
kennal:  
nicole]:  HELLO 
nicole]:  hello  
 u can take ur time  
nicole]:  sorry for caps 
isharkie]:  dw loll 
 umm 
"jennie]:  Hello! Welcome to pastriez bakery! im jennie, what can i get you today? "
day/noon/night? 
 Open lane! 
 open! 
 Open lane! 
isharkie]:  ofc! 
nicole]:  tysm 
you today? || O@ 
 kk anything else  4? 
Red]:  ur smile 
isharkie]:  that all? 
 open 
VIP]   Afk 
 that's all. 
 the chocolate shake 
 Whats your order! 
 Sure! 
hanna]:  !walkspeed 
 
 What size 
jennie]:  Done hagd! 
YObreathstinks]:  Open lane 
 tysm! 
"h1r41_m0m0): oh i didnt know sorry, "
 done? 
jennie]:  No probelm 
 Open lane order when ready! 
(h1r41_m0m0}]:  What size? 
YObreathstinks]:  Open lane 
(Sans): large 
nicole]:  i got a cookie 
 open 
 why no 
YObreathstinks]:  Open lane! 
Aruzhan_2009pon]:  regular 
Whocares]:  Open lane  
 have nice day 
  
 Anything else! 
 u too 
 byes  
 AFK rq! 
 byee 
YObreathstinks]:  Open lane 
nicole]:  hehe  
(Whocares]:  look up in menu 
 Ok back! 
VIP]   :rainbow on 
 Anything else! 
 Open lane! 
hanna]:  Thanks! :)  
 open lane 
VIP]   You're welcome! 
(YObreathstinks]:  /korblox 
(CluelessMiley]:  Hello! Welcome to Pastriez bakery! How can | assist you?! 
(YObreathstinks]:  !korblox 
  
VIP]   !walkspeed 
"h1r41_m0m0): Sure, just a moment "
"Alfieshmalfie]:  Hello, may I have a blueberry muffin, and that will be all! "
 ok 
YObreathstinks]:  Open lane! 
 okay! 
 excuse me 
(UnicornMagic131110]:  Go wait at the side your order will be with u soon 
YObreathstinks]:  Open lane! 
knowwhy? 
Sans]:  man this game likes capitalism  
CluelessMiley]:  You can take a seat 
(Alfieshmalfie]:  Thank you! 
 open lane 
  
 Ya 
 Yw  
(Whocares]:  Thank you 
(Whocares]:   
"carly]:  Ohh I see, the mop? "
 yes 
(Whocares]:   
Whocares]:  Sure! 
(CluelessMiley]:  Open lane 
 Open lane! 
knowwhy? 
you today. what would you like to order on this lovely day $0 
hanna]:  !walkspeed 
VIP]   Know why?  
 oh ok ty! 
  
 Open lane! 
icarly]:  no wort  
"VIP]   Not thank you, but | appreciate the offer! :) "
(Celinal 
Thing]:  !walkspeed 
Whocares]:  Done 
the gamepass. 
VIP]   Thank you so much!! Have a great day! <33 
Whocares]:  Thank you 
VIP]   Ok. 
(Whocares]:  You too 
jennie]:  Open lane! 
" Wait, no. "
 open lane xx 
Celina]:  Probably a year. 
 Open lane! 
YObreathstinks]:  Open lane! 
 Sorry I wa there can | please get my lane back? 
 welcome 
 Open 
 sure thing and im so sorry 
 She quickly went to check something. 
VIP)   Thank you. :) 
  
 Open 
 Thank you for understanding! 
 Tysm! 
  
 Open lane! 
YObreathstinks]:  Open lane 
nicole]:  iwanna work a kohau or whatever urs kalkend 
nicole]:  its called 
 doneQ 
nicole]:  it seems cool 
 Open lane 
 Open lane! 
'YObreathstinks]:  Open lane 
 Open lane! 
nicole]:  is that a mango place 
 open lane 
|HE4RTSFOR_LIAA]:  open lane 
YObreathstinks]:  Hi! Welcome to PB! How may | help you?! No rush! 
 Open lane! 
nicole]:  OMG  
nicole]:  CELINA 
nicole]:  | PASSED HR APPA 
lala}: hi! can i get a banana milkshake and a sugar cookie 
 open lane 
|HE4RTSFOR_LIAA]:  open lane 
 One second! 
  
|HE4RTSFOR_LIAA]:  open lane 
YObreathstinks]:  Ofc! 
 Open lane! 
 okay! let me know if i need to repeat slowly. 
|HE4RTSFOR_LIAA]:  open lane 
 Open lane!! 
 Its okay Ive submitted it and thank you for ordering at PBC! 
 Open lane! 
kenna]:  wow! that was fast! tysm! 
YObreathstinks]:  What size!? 
"liv]:  Hi! Welcome to Pastreiz Cafe. My name is Liv, what can I get for you? 4  "
lala): regular 
 Hello! 
(CluelessMiley]:  Open lane!! 
"Remember, the limit is 3 items). "
 open lane 
 Open lane! 
 Open 
YObreathstinks]:  ?there you go! Have a lovely Easter weekend 
 yes!  
lala]:  thank you! 
:e! Please give me a moment in order to put in your order. 
brenden]:  Open lane! 
 okay! 
 open 
VIP)   Hello! 
 Opennn 
you today. what would you like to order on this lovely day $0 
|HE4RTSFOR_LIAA]:  your order has been placed ! 
 Open lane! 
VIP]   May I please have a cinnamon roll? c: 
 yes we do 
llykas]:   
 Open 
kenna]:  oh thats what i said sorry. 
 Open lane! 
 welcome   
 thats all 
llykas]:  Is Alice lost..? 
VIP]   Yep! 
jicarly}: Open lane!!  
 Afk 
lykas]:  BERTHA! 
jules]:  Model! 
(Remember 3 items is the limit)  
 Gorgeous model! 
 Hi gorgeous!  
 tysm! 
 doneQ 
 Open 
jules]:  We should be 11..! 
 welcome 
"Welcome to Pastreiz Cafe. My name is Liv, what can I get for you? 4  "
 open 
 i would like a cinamon roll 
 Open lane! 
lala): 
(CluelessMiley]:  Will that be all? 
ikenna]:  open lane! 
"foday, how may | assist you? @ "
 open lane 
2wice]:  yes thank you :) 
liv]:  menu is above if needed!  
"lala}: can i please get a cinnamon roll and a strawberry bubble tea, regular size "
 You should receive your order soon 
 xD 
 Can I get a brownie and a chocolate milkshake and a pap passion popsicle 
 Have a wonderful day. 
2wice]:  thanks you too! 
ilykas]:  :rainbow on  
jicarly]:  Your order has been submitted. 
lala]:  thank you! 
js twlaks:  
: twalkspeed 
hey]:  There we go. 
jicarly]:  Open lane!  
 Open lane! 
nicole]:  wait soi become a hr now 
red chocolate dipped apple? 
 Open lane! 
(Remember 3 items is the limit)  
 Hi can | get a pretzel. 
"VIP]   Yes, you may! "
nicole]:  how long do i go on trail  
nicole]:  trual 
nicole]:  trial 
runshoot4]:  open lane 
\VIP]   | PROCESSING ORDER.. PLEASE WAIT BY THE REGISTER | 
|HE4RTSFOR_LIAA]:  open lane 
jules]:  Lets go! 
"ilykas]:  Oh my, youre a Virgo? "
llykas]:   
 Yep. 
jules}: 
jules]:  Yes! 
llykas]:  
here for a visit! Could we take a picture with you to commemorate this moment? 
VIP]   pastriez xsoemthing idk 
|: Welcome! 
 Ok you should receive your order soon 
VIP]   something  
jicarly]:  Oh my thats cute  
 Have a wonderful day. 
jules]:  Thank you! Anywhere si fine.  
 thx 
 same. 
"|: Hmm, have any location in mind or want us to choose? "
 Open lane! 
jules]:  You can pick! 
VIP]   One moment. The cashier is being a bit buggy. 
Alright! Will the pink carpet work? 
 ofc! 
jules]:  Yes! 
 Open lane! 
jules}: Is this everyone joining us for the pi 
"liv]:  Hi! Welcome to Pastreiz Cafe. My name is Liv, what can | get for you? 4%  "
|HE4RTSFOR_LIAA]:  open lane 
Alex]:  
Alex]:  hello 
j: We can toeither. 
CluelessMiley]:   
jules]:  Thats perfect! 
: Okay! One moment. 
it]:  Order properly.  
iv]:  can you order of the menu please 
 Okay 
 Open lane! 
jicarly]:  Open lane!  
Alex]:  Thaough you had it 
VIP]   | Your order has been submitted! Please Enjoy and come back soon! 
 Thought  
|: Two seconds! 
 Open lane! 
 Where the menu at 
iv]:  menu is above the registers. 
jules]:  Take your time. :) 
"foday, how may | assist you? @ "
 Can | get a chocolate Milkshake. 
 Open lane! 
Alex]:  A brownie please 
jicarly]:  Sure! What size? 
 And top it with some vanilla if you can 
Alex]:  Lemme see drinks 
jashley]:  :rainbow on 
Alex]:  And a mocha 
: im afraid we dont do that sorry just brownies and blondies. 
 and a pap passion popsicle. 
Alex]:   
 Taking orders 
 Then  
Alex]:   
 Thats all. 
liv]:  okay what size mocha wwould you like 
 
jicarly]:  Awesome! Your order will be placed shortly 
Alex]:  Large 
nicole]:  teethyz x celina slayed 
Heyy]:  Whats going on 
iv]:  with or without ice?  
jicarly]:  Done! Thank you for ordering. 
Alex]:  With 
Wap_yeh]:  Hello 
Xiaojun_isbetter]:  where is the job center- 
: Feel free to find a spot. 
Heyy]:  Help 
liv]:  okay there have a great day!  
(8ninja02]:  How dol get ajob here 
Heyy]:  Whats going on 
jicarly]:  Oh! You can join the group.  
|: An alliance picture. 
carly]:  Then head to the application centre. 
 wait what is this for? 
(8ninja02]:  Ok! did that one 
 Ok 
nicole]:  #teethyz x Celina 
jicarly]:  And you will become a trainee! Then you can rank up at the trainee centre. 
  
 Nicole.. 
nicole]:  YES 
 Okty 
nicole]:  i have the best one  
icarly]:  No wort 
ilja]:  #Teethyz x Pastriez! 
|: #Teethyz x Pastriez! 
llykas]:   
VIP]   #Teethyz X Pastriez! 
nicole]:  # teethyz x celina !! 
Heyy]:  EVERYONE ISA 
icon]:  #Teethyz x Pastriez! 
kate]:  #Teethyz x Pastriez!  
 #Teethyz x Pastriez! 
|: Awesome! Got one. 
Thing]:  #Teethyz x Pastriez! 
Tayla]:  #Teethyx x Pastriez  
|HE4RTSFOR_LIAA): # Teethyz x Pastriez 
Silja]:  Wooo! Thank you for having us!  
poppyy]:  #Teethyz x Pastreiz! 
 Thx 
Tayla]:  . 
 | hate you. 
nicole]:  teethlina 
  
VIP]   
 Open lane! 
carly]:  Open lane! 
icarly]:  Open lane! 
carly]:  Open lane! 
VIP]   Could | order an item of your choice? 
nicole]:  SORRY 
Vip    mini-mod ensues   
VIP]    mini-mod ensues   
"iv]:  okay, food or drinks? "
VIP]   :logs 
nicole]:  am so sorry 
VIP]   I don't mind. 
poppy]:  Could | get a large passion fruit boba? 
poppyy]:  Could | get a large passion fruit boba? 
Tayla]:  Sure! 
nicole]:  im the new celina 
 Open lane! 
poppyy]:  Thank you. 
VIP]   Any amount is fine! 
 Hello? 
Tayla]:  Anything else? 
 Nope! 
poppyy]:  Nope! 
VIP]   Thank you! 
chefs prepare your order. 
 
 HII 
 Open lane! 
(Xiaojun_isbetter]:  Where is the job center? 
(Xiaojun_isbetter]:  OH ITS U 
VIP]   
 | WAS SO CONFUSED FOR A SECOND BRO 
Alfieshmalfie]:  | would just like to get a blueberry muffin! 
kenna]:  may iask a question? 
 Eccy @ 
" Sure, whats up? "
lala]:  open lane! 
lala}: open lane! 
(Xiaojun_isbetter]:  WHO ELSE HAS DEJUN ON THEIR SHIRT 
 :3 hewo 
FUZZYWUZZY]:  :3 hewo 
 :3 hewo 
(Xiaojun_isbetter]:  Ooo 
 Ooo 
kennal:  
(Alfieshmalfie]:   
(Alfieshmalfie]:  Thank you! 
  outside 
 OH MY GODD 
 THATS SO CUTE 
"three, the menu is above if you need! "
jicarly]:  Hello! 
icarly]:  Hello! 
"foday? The menu is above, 3 items MAX! "
 @ 
 Probably in #pastriez-official in the discoard server! 
"runshoot4]:  Wonderful, anything else?open lane "
Can | have a Regular Lychee Bubble Tea and a Blondie?  
 selfie 
Xiaojun_isbetter]:  do | have to join the group? 
"|: Along with so, a Chocolate Chip Cool "
Slicer]:  hey egg 
i  VIP] 
 YUP 
jicarly]:  You have to be promoted to chef to use the kitchen :) 
beachyxi  HARARE RARER 
nicole]:  cookay 
"(Alfieshmalfie]:  Hi, may | please have a Blondie, and that will be all! "
alse you'd 
VIP]   | PROCESSING ORDER.. PLEASE WAIT BY THE REGISTER | 
i]:  Like ask a chef to get the stuff? 
Tailslayer_YT]:  With a cinnamon roll 
(Alfieshmalfie]:  Thank you! 
VIP]   Hello! 
icarly]  j: Yes you just submit orders. 
Pastriez! 
"today, how may | assist you? @ "
"foday, how may | assist you? @ "
better}: brb 
 AIGHT 
 
jicarly]:  Of course! Drink or food preferences? 
VIP]   | Your order has been submitted! Please Enjoy and come back soon! 
VIP   | Your order has been submitted! Please Enjoy and come back soon! 
VIP]   | Your order has been submitted! Please Enjoy and come back soon! 
VIP]   Not really! 
Tailslayer_YT]:  | cant wait for my food. 
 done 
 Open line! 
" Im gonna go, byee. "
 
Thank you! 
  
"jicarly): Alright, I've placed an order for a glazed donut!  "
nicole]:  eat the cookie 
ikyutix]:  Welcome to pasteriez bakery! how may i help you? 
celine]:  HI 
(Celina); +  
"jicarly}: Thank you for ordering, have a nice day/night :)  "
celine]:  whats ur menu 
icarly]:  No wort 
nicole]:  sad  
VIP]   Hey! 
 Byee.  
VIP]   Hi 
nicole]  byeyeyeyeyeye 
Tayla]:  Of course! 
"foday, how may | assist you? @ "
VIP]   THe message? 
ll be assisting you today! May I please take your order? 
"three, the menu is above if you need! "
chefs prepare your order. 
VIP]   Thank you! 
jicarly]:  Of course! Anything else for today?  
VIP]   You saw it? 
Tailslayer_YT]:   
VIP]   
" Hello and welcome to PB , can I get any tasty treats for you today?! "
VIP]   Oh. 
VIP]   Could | order an item of your choice? 
VIP}   Thank you! 
jicarly): Alright! Thank you for ordering.  
VIP]   Let me re-type that. 
icarly]:  No wort 
 Ofc!! 
"VIP]   Cani  ill help at trainings with a ""Bad reputation "
VIP]   Yes. 
"|FUZZYWUZZY]:  aww she welfed :,( "
VIP]   K. 
VIP]   You can. 
Tailslayer_YT]:  This taste so  chews good 
 @ 
Tailslayer_YT]:  And Im on my break 
VIP]   Thank you! 
 heehee 
ran. 
 
|FUZZYWUZZY): that is a very massive cupcake 
" Hello and welcome to PB , can I get any tasty treats for you today?! "
Tailslayer_YT]:  Yea 
ran. 
 What will you be ordering today? Take as much time as you like to order! 
 :rainbow on 
 !walkspeed 
|FUZZYWUZZY): looks like you are giving it a hug @ 
elisa]:  !walkspeed 
 and a cinnamon roll 
alex]:  strawberry cupcake 
 Sure! 
 thats all 
 ;rainbow on 
 
 hello. 
 How do u get the cashier Im new: ( 
abby]:  Why u home 
xabbil40]:  sists 
i]:  how doi claim this. 
Red]:  can | get sugar cookie please 
 
Barbisagoodguy]:  ########HHHHAHEHAAHH EAHA HHH HHH  
 why you home 
alex]:  chocolate 
 | think that's all. 
 ___ 
 man 
celine]:  Open lane! 
Aminahnoorkhan246]:  Open lane (: 
kennal:  
 a what 
(Barbisagoodguy]:  AHHAHHHHHHHHHHHHHHHHHHHHHHHHHHH 
|FUZZYWUZZY]:  no spamming oh right | am not at teethys 
 oohhh 
 WHY U 
alex]:  cinnamon roll 
VIP]   
abby]:  HOME 
 @ 
Red]:  tysm have fun. 
Lovely day! 
kenna]:  my mom is REALLY sick and my dad is on a trip 
VIP]   Could | order an item of your choice? 
 ihate that place 
 ofc! 
celine]:   
celine]:  Open lane! 
 Alri have submitted 
 
 chef 
|FUZZYWUZZY]:  oof the mods can be mean well the workers sometimes 
ran. 
(OBVAMAL1]:  Excuse me 
celine]:  Open lane! 
Tailslayer_YT]:  The whipped cream 
Barbisagoodguy]:  can you make me some mac and cheese 
Tailslayer_YT]:  Taste so good 
 Open lane! 
 @ 
 ? 
celine]:  Open lane! 
 Im sorry we dont have mac and cheese. 
elisa]:  . @ Greetings! Welcome to Pastriez! What would you like to order today?  
VIP]   Hello! 
 @ 
VIP]   Could | order an item of your choice? 
elisa]:  Ok! 
"jiv]:  Hi! Welcome to Pastreiz Cafe. My name is Liv, what can | get for you? 4%  "
VIP]   Thank you! 
celine]:  Open lane! 
": Can | have a Blondie, along with an item of your choice? "
ll be assisting you today! May I please take your order? 
VIP]   
 Can | order something 
 
|FUZZYWUZZY]:  how you eat the food it looks like you are hugging them @ 
may ihelp you on this beautiful day?) 
Tailslayer_YT]:  Lol 
your order to the Chefs. 
Tailslayer_YT]:  Brb 
abby]:  Can i get a strawberry boba 
Pastriez! 
 Hi hwo canihelp u! 
abby]:  Make it regular 
VIP]   Thanks! :)  
Barbisagoodguy]:  cobra kai badboy 
celine]:  Okay! coming right up O 
 Mhm! 
Tailslayer_YT]:  U have some Mac and cheese? 
Thank you so much! 
 Thanks?! 
VIP]   
 we dont have that.. 
Red]:  need help? 
 Ye? 
Tailslayer_YT]:  Oh ok 
Tailslayer_YT]:  Well. 
VIP]   Could | order an item of your choice? 
jitsesmeralda]:  Hello!  
 How did u get the icons above ur head 
Tailslayer_YT]:  Can | have a starwberry donut? 
Red]:  sure how I can help you... 
elisa]:  !walkspeed 
Tailslayer_YT]:  With bubble tea 
1e]:  wait can # #### HHH a sec? 
 Idk 
 thanks 
Tailslayer_YT]:  Thats passion fruit 
1e]:  Can # #### # sec? 
celine]:  Get closer  
 open lane! :) 
 | liked urs fora day 
 Lol 
my staff assistant test. 
ll be assisting you today! May I please take your order? 
"three, the menu is above if you need! "
VIP]   I tipped you. 
hope to see you again. 
"whirlwind]:  Hii! One glazed donut please, nothing else. "
ran. 
 What will you be ordering today? Take as much time as you like to order! 
 | LOVE ITTT 
VIP]   Could | have a Large Peach Bubble Tea please? 
"guest627]:  sure thing sir, what would you like to order? "
VIP]   Of course! 
 hey. 
kennal: 
"VIP]   | Amazing choice(s), would you like anything else with that order? "
VIP]   Thank you! 
Hit #HH## monthoy 
VIP]   Hello! 
 some food and a drink 
 Is that all? 
jitsesmeralda]:   
jitsesmeralda]:  You complete the application every first of the month.  
 | ### ##### monthly 
 huh 
celine]:  Could u get closer sol can sumbit ur order? 
abby]:  er 
jitsesmeralda]:  You must be kitchen leader cirst.  
ikyutix]:  i have submitted ur order 
VIP]   Could | order an item of your choice? 
"guest627): alrighty, coming right up! :) "
jitsesmeralda]:   
 Ok 
abby]:  monthly 
  
 thanks 
jitsesmeralda]:  
"three, the menu is above if you need! "
 open line 
 
 WB 
kenna]:  did you hear her- 
VIP]   | Your order has been submitted! Please Enjoy and come back soon! 
VIP]   Thank you! 
 Do u know if | ca; get any icons by not ranking up 
Tailslayer_YT]:  They didnt have Mac 
alex]:  vanilla cakepop with strawberry icing 
jitsesmeralda]:   
jitsesmeralda]:  Yes the hat! 
 | love your greeting and a cinnamon roll and a medium iced latte is okay. 
jitsesmeralda]:  Follow me  
iv]:  there! have a great day 
kennal:  
kena]:  SHE SAID GET CLOSER 
 Ive got the hat 
|FUZZYWUZZY]:  Mac and cheese? lol oh yum 
alse you'd 
jitsesmeralda]:  .   
celine]:  - 
 Would you like anything for ur last order? 
kena]:  1 TRIED 
 No thank you Ms. 
 thanks sir 
your order to the Chefs. 
 how long 
alex]:  decaf iced coffee 
jitsesmeralda]:  Awesome. You can also get icons by buying game passes. 
Pastriez! 
 Ok 
Tailslayer_YT]:  
 Thank you! 
celine]:  Open lane! 
" it shouldnt take too long, you can grab your order over there :) "
have a seat. 
 k 
Lovely day! 
"VIP]   | Hello, welcome to Pastriez! I'm Abbciden "
VIP]   Oops. 
celine]:  __  
celine]:  Open lane! 
iguest627]:  open lane! :) 
VIP]   
 is it good 
Tailslayer_YT]:  Yes 
 looks bad 
|FUZZYWUZZY): :3 yum yum in your tum tum 
'SmokinThatWrPack]:  why is it so big 
 Oh te 
abby]:  ye 
labby]:  ye 
 Greetings! Welcome to Pastriez! What would you like to order today?  
celine]:  Open lane! 
 
"foday? The menu is above, 3 items MAX! "
get 1000 
 shuutpud 
"VIP]   |?| Have any inquires, let me know! |?| "
VIP)   They're badges. 
abby]:  for 10 $ 
 __ 
 Oh 
Tailslayer_YT]:  Do we have a Mac and cheese cinnamon roll 
 bro hacker 
fabby]:  ye 
 how to spin 
Tailslayer_YT]:  | need it for my cuz 
iguest627]:  open lane! :) 
 hack 
 Thank you! 
"VIP]   No, we don't, unfortunately! "
 U  
VIP]   It's an Emote. 
 report for exploit 
 oh 
 wow ur high rank 
VIP]   Yes. 
Tailslayer_YT]:  A fruit smoothie? 
" why is drink so big, "
iguest627]:  open lane! :) 
 @ 
ll be assisting you today! May I please take your order? 
"three, the menu is above if you need! "
The menu is above if needed. 
 wow i  idnt get right order 
VIP]   You can take a peak at our menu if you don't know what to order. 
 Open lane! 
VIP]   We don't serve smoothies. 
rainbow on  
lhearteyesforamazin]:  vanilla milkshake] 
hearteyesforamazin]:  vanilla milkshake] 
 hican iorder 
"VIP]   Great, what would you like! "
VIP]   2  
VIP]   You can go and Order again. 
VIP]   Try ordering again! The Chef may have given you the wrong items. 
hearteyesforamazin]:  chcoclate muffin] 
 Open Lane 
 chef is an idiot 
VIP)   Order off the menu above. 
alse you'd 
VIP]   That's not nice. 
whirlwind]:  Hii! May | have one large lychee bubble tea and nothing else? 
lhearteyesforamazin]:  yes 
 U ARE IDIOT 
|: so many MRs 
hearteyesforamazin]:  did u put my CHOCOLATE MUFFIN 
VIP]   I love your Avatar. 
"VIP]   Be respectful, only reminder. "
 u should d3f #### meee 
lhearteyesforamazin]:  OK ALSO 
VIP]   tysm<333 
 Yes? 
VIP]   Of course. 
hearteyesforamazin]:  LPLS GET ME 
VIP]   urs is so gorg 
abby]:  Defiantly copy my avatar 
VIP]   Thank you so much! 
 Open here! 
VIP]   There is no Bubble Tea with cheese. 
ikyutix]:  Hican i order 
 can ihave 1 more permission 
ran ihelp you? 
 Hello is anyone there 
hearteyesforamazin]:  RASPBERRY AMACORON 
guest627]:  open lane! :) 
lhearteyesforamazin]:  
VIP]   Hm. 
Tailslayer_YT]:  Aa latte 
alex]:  vanilla milkshake 
hearteyesforamazin]:  hurry up im starving 
Hickory]:  Cani getamilk  
Pastriez! 
 im just dissapointed 
elisa]:  Regular or Large? 
"VIP]   Yes, we serve Lattes! "
alex]:  regular 
lhearteyesforamazin]:  why you fat 
VIP]   Would you like one? 
Tayla]:  A milkshake? 
 ######H# 
Tailslayer_YT]:  Well csn I have a latte 
 No just milk 
VIP]   The Poor Chai 
muffin andd 
never got me order i ordered 
lhearteyesforamazin]:  you fat 
 you fat 
ifesaver]:  a chocolate cookie to go please?  
 SORRY 
 Maam please be respectful to the staff 
jalex]:  ty 
ifesaver]:  its okay!  
minari]:  sure! anything else? 
ikyutix]:  and a brownie 
hearteyesforamazin]:  iam shut up bacon 
Tailslayer_YT]:  Yes 
kate]:  Be respectful. 
" yes, ill proceed with your order ma'am "
iminari]:  coming right up! 
its a removal from the server.    Continue ans 
VIP]   Ice or noice? 
hearteyesforamazin]:  what 
 bruh 
: Be respectful. 
Tailslayer_YT]:  Noice 
lhearteyesforamazin]:  i did not do anything 
kate]:  Okay. 
Tailslayer_YT]:  Oreo cake poop  
ikyutix]:  ty girly 
Tailslayer_YT]  : Pop 
lhearteyesforamazin]:  ummm what is this 
 afk 
lhearteyesforamazin]:  
 Is that a large or regular bubble tea? 
Amelia]:  Open lane here! 
  
ifesaver]:  regular 
ikron]:  !walkspeed 
hearteyesforamazin]:  why doi have 2 muffins 
Tailslayer_YT]:  Dou have | 
VIP]   Look on the menu if you don't know. 
 What was the items you received? 
hearteyesforamazin]:   
hearteyesforamazin]:  5 
hearteyesforamazin]:  5 items 
"kate]:  It was just a point cheater, Ill look into it now. D: "
  
 can i have cocolate 
hearteyesforamazin]:  2 muffins a boba a macaron amd milkshake 
 :rainbow on 
hearteyesforamazin]:  this si so stupid 
lucy]:  Cupcake? 
hearteyesforamazin): its your fault 
 sure 
 Hello! 
hearteyesforamazin]:  you didnt do my order right 
 please 
your order today! Lets get started shall we? xx 
lhearteyesforamazin]:  
 @ Aloha! @ 
 do u have smoothie] 
hearteyesforamazin]:  useless 
 Hmmm 
"te]:  | submitted your order right, theres also loads of Cashiers at the moment.  "
VIP]   Ma'am. 
VIP]   Only reminder. 
hearteyesforamazin]:  you did not  
"Mink]:  Your order will be prepared now, please take a seat! "
"ifesaver]:  thanks so much, 10/10. "
VIP]   Order from the Menu. 
 Cani have a strawberry cake pop? 
 Thank you for ordering! 
Tailslayer_YT]:  | thought this was cookie crumble 
 Can | grab a vanilla macaron please! 
jarelle]:  
 where is menu 
 | CANT COPY AND PASTE 
  
 open lane! :) 
 bro its not ere 
minari]:  sure coming right up! 
VIP]   The menu is located above. 
lhearteyesforamazin]:  bloody hell 
hearteyesforamazin]:  bloody hell 
"iv]:  Hi! Welcome to Pastreiz Cafe. My name is Liv, what can I get for you? 4  "
"liv]:  Hi! Welcome to Pastreiz Cafe. My name is Liv, what can I get for you? 4  "
 Nope! 
 | want square 
lhearteyesforamazin]:  why do you work here 
wait. yr 
 Why not! 
Tailslayer_YT]:  A sugar cinnamon roll 
iv]:  order of our menu please.  
hearteyesforamazin]:  why are you watching me 
 bubble tra 
kate]:  Apologies about the inconvenience. D: 
 | want square 
VIP]   :rainbow on 
VIP]   
Tailslayer_YT]:  Or normal 
hope to see you again. 
 Please be polite to other customers maam. 
hearteyesforamazin]:  hello 
Hickory]:  Peenut square 
 Peenut square 
VIP]   Let's not call people useless. 
lucy]  : Or passion fruit. 
lucy]  |: Or passion fruit. 
  
lhearteyesforamazin]:  okay sorry _ 
"VIP]   We have cinnamon rolls but they don't have sugar, only frosting. "
 Open lane! 
wonderful day! :) 
Tailslayer_YT]:  Sugar frosting the | 
iv]:  peanut fudge square? 
 Im trading am pets and mm2 knives and guns for rbx! 
hearteyesforamazin]:  and you are not fat 
 Oop 
 saddest 
 said 
 ##ddseititt 
 sss 
 Yup 
Tailslayer_YT]:  One more 
 Open lane! 
"lucy]:  Hello! welcome to Pastriez. Im Lucy, how can | help you today? "
lhearteyesforamazin]:  miss 
liv]:  anything else for you today?  
nything else? 
VIP]   Could | order an item of your choice? 
"lucy]:  Fantastic, one moment while | get that for you! "
 bro 
 Do you mind showing me the items you received previously? 
 A milk 
 clean it normally 
Tailslayer_YT]:   
Tailslayer_YT]:  Broccoli 
kate]:  Okay! 
iguest627]:  Open lane! : 
VIP]   CHARR! 
wonderful day! :) 
 Mo 
lhearteyesforamazin]:  your obes 
Tailslayer_YT]:  The last time | worked here I think | saw it 
Tailslayer_YT]:  The last time I worked here I think | saw it 
 Milk 
VIP]   Thank you! <3 
VIP)   Hello Timmy Timbit! 
VIP]   Hello Timmy Timbit! 
hearteyesforamazin]:  
lhearteyesforamazin]:  
VIP]   Hello! 
We don't have just Milk.  
VIP]   sseeetaeatsrseatatat aaa ate 
VIP]   sseaetaeatsrseatatae arate 
VIP]   ### 
VIP]   Could | order an item of your choice? 
VIP]   Oh my. 
 shut yo goofy ass up 
"VIP]   I'm good, how are you? "
 You do 
"|: The menu is above if needed, only reminder to order properly. "
VIP]   No wort  
VIP]   ?'m good too! 
"anything else? If you would like to change your order, please say it now. + "
VIP]   Good! 
fo see you again soon! @ 
 Fine can | have water 
wait. yr 
Tailslayer_YT]:  He 
VIP]   Thank you! 
 Of course! 
iv]:  we do not sell just water either im very sorry 
hope to see you again. 
Tailslayer_YT]:  Dou have it or not? 
VIP]   
ran ihelp you? 
VIP]   can i have a pretzel? 
 U dont sell water 
VIP]   Could | order an item of your choice? 
 A coke then 
 well sure thing sir! coming right up :) 
 WHO KICK ME 
Il be assisting you today! May I please take your order? 
"three, the menu is above if you need! "
"iv]:  we sell shakes, coffee and bubble tea. "
Tailslayer_YT]:  Aw 
substance to satisfy my sensation?  
 NOTHING 
 Oh. 
at the top of your screen if needed! @ 
 | want a basic drink 
VIP)   thx! 
VIP}   thx! 
VIP)   thx! 
"im sorry, im not in charge of what goes on the menu "
 Hello  
 LAG 
alse you'd 
thank you! 
minari]:  you to! 
VIP]   Oh my. 
  
'SmokinThatWrPack]:  where everyone 
SmokinThatWrPack]:  where everyone 
'SmokinThatWrPack]:  where everyone 
SmokinThatWrPack]:  where everyone 
|FUZZYWUZZY): aw | want dah pewwy bawwoons :( 
cashewmcmuffin]:   
 WHO WNATS TO ORDER 
 Open lane ## 
" Open lane ## FEL, "
" Open lane  FEL, "
" Open lane ## FEL, "
VIP]   Rats 
 Hello! Wleock eto pastries bakery what can I get for you? 
 Sorry? 
VIP]   RATS 
 Im sorry we dont have have those the menu is above us 
dev]:  hello welcome to pastrys bakery @@what would you like to order? 
dev]:  hello welcome to pastrys bakery @/@what would you like to order? 
dev]:  hello welcome to pastrys bakery @@what would you like to order? 
 Lane open 
dev]:  lane open 
jax]:  oh my it surely hs been a while!! 
lev]:  hello welcome to pastrys bakery @@what would you like to order? 
izz]:  Hello There 
izz]:  | Would Like A Large Honeydew Bubble Tea 
 3 random order pls 
Peppapig]:  Okay! 
izz]:  Thank You  
 Sorry its taking long 
 No problem  
izz]:  | Did Not Want A Muffin But Thank You 
 An I have 3 random order from you too 
 Both of u 
 Done 
 Alr 
 Lane open! 
 Open lane <3  
 Hello again 
 An Ire order it 
 Sure 
Brianna]  : Can yiu  
  
 Thanku 
 The 3 random order 
i! Welcome to PB! What can I get for you today? (Menu above) 
 Another set 
izz]:  Open Lane 
 Ty 
jax]:  | would like a chocolate fudge with a vanilla muffin if thats possible... 
 Done 
 Next person <3 
Lilah]:  Ok!  
izz]:  Open Lane 
 Where shall i wait? 
 #### open for anyone <3 
Lilah]:  Just at any table thanks!  
jax]:  Ty! 
Lilah]:  Open lane<3_  
jax]:  HIE 
 The menu is above if you have troubles! 
 Hmm i would #### # ###### milkshake please! 
 Huh? May you relay that 
jax]:  banana milksa=hake 
jax]:  om 
 ah okay anything else ? 
 Nope! 
 Okay kne second.. 
jax]:  Mhm! 
Peppapig]:  Soa banana milkshake? 
 Regular or large? 
izz]:  Open Lane  
jax]:  Oh right! 
jax]:  Large! 
soon 
jax]:  Ty! 
 Great service yum 
 Lane open! 
Lila]:  Hi! Could | get a large choco milkshake? 
  
 Hello!  
izz]:  Open Lane  
 Of course! 
dev]:  lane open 
 Tysm! 
 It has been submitted and will soon come to you 
 shave a seat or roam around until it can come 
cookie on the side? 
izz]:  Open Lane 
izz]:  Oh Come On  
Lifesaver]:  please and thank you. 
dev]:  lane open 
 lane open! 
roam around in your time 
"ifesaver]:  thanks so much, 10/10!  "
 Thank you for ordering 
dev]:  lane open!  
jax]:  ive forgotten everything 
's been a year since ive joined 
 Dont worry mabye ask a Mr or a high staff to help you 
 They will surely help you around and let you know the place 
 Dw i might burn the food but ill remember.! 
 Lol 
 Lane open for anyone to order at 
 Remember not to go afk while equipping the register. 
jax]:  regsiter. 
 yep if you are at least go out 
 oops spelled that wrong 
 So they know 
 Lane open  
izz]:  Open Lane  
dev]:  lane open!! 
izz]:  Welcome To Pastriez Bakery! What Would You Like 
jax]:  Awesome! | would like hmm... 
izz]:  Alright One Moment Please 
jax]:  Ale! 
izz]:  Would You Like Ice? 
jax]:  No ice please. 
 Hm how about a ##### of yur choice? 
jax]:  your  
jax]:  omt 
jax]:  /a muffin of your choice please 
Peppapig]:  #### #### & 
 Open lane 
izz]:  Your Order Has Been Taken  
jax]:  Tyy 
  
 Open lane 
izz]:  | Could Really Go For A Blueberry Muffin Right Now  
dev]:  open lane here!!! 
 open lane here !!! 
 hellow im kai welcome to pastrys bakery 
izz]:  Hello 
izz]:  Blueberry Muffin Please 
dev]:  what would you like 
iz]:  | Am Hungry  
 where th muffins at.. 
izz]:  No Thanks  
izz]:  Thank You 
dev]:  your order is getting ready 
 Open lane 
 Open lame 
 can someone show me where to get muffins ag: 
ijohndeacon]:  | think you just need a empty tray x 
jjohndeacon]:  And then the fridge 
jax]:  oml thats right 
jjohndeacon]:  | got got a minute ago lolz 
jax]:  tysm 
 np 
 hi 
luna]:  Hello! | welcome to pastriez cafe! How may | help you?:) 
 can i get a large strawbeeey milk shake and a larte iced coffee please 
 Hi 
luna]:  A latte iced coffe? 
 Hi 
 large iced coffee 
 | can show u but when can u call  
 Ok 
GoodVibesXD): I'll callin a sec 
 Ok bcs it would be easier to talk 
  
iMery_Jenifferlqueen]:  HI welcome to bakry how ican help you 
Lilah]:  Ima slow Tyler lol  
 Yes 
 
|GoodVibesXD]:  I got change my clothes first 
 can i get a large strawberry milkshakeand a large iced coffee 
"popsicles, etc "
 and  
 what would you like? 
"jax]:  Hmm | would ,ike a popsicle of your choice then! "
 okay is that all 
Roxy]:  done 
jax]:  Mhm! 
 ? 
 You enter my username then continue 
  
 You will see the options 
(vvslaughter]:  milkshgake 
jax]:  Yay! 
VIP]   Hey! 
VIP]   What flavor? 
jax]:  Tyy 
VIP]   Okay hold on! 
 BYE 
(vvslaughter]:  i want large 
VIP]   Okay. 
vvslaughter]:  ty 
VIP]   Anything else? 
(vvslaughter]:  no 
vvslaughter]:   
vvslaughter]:  
VIP]   Okay your order has been subbmited Thanks for ordering at PB! 
 How did i suddenly recieve 120 dough 
lemba]:  SAMW 
VIP)    
VIP]   heyy uhh how dou set up the tip jar? 
Kiara]:  
iwvslaughter]:  
"ilah]:  Well, you have to start by making game passes "
jax]:  you click on it 
VIP)   ohh okay. 
 I cant get up- 
iwvslaughter]:   
vvslaughter]:  good 
  
 hi 
: how can i apply for a job here? 
"asset ID, and then paste it into the ID section for making the tips "
 Welcome to Patriez Bakery what would you like 
 Where u at 
 Hey 
 ___ 
 Lilah 
 Oh 
iMery_Jenifferlqueen]:  HI welcome to bakry how can i order youu!!! 
" Hi can | have a blueberry muffin, a Latte and a popscicle "
"milo]:  Hey, welcome to Pastriez what would you like? "
" can | have a blueberry muffin, a latte and a popsicle "
milo]:  What size latte? 
milo]:  And do you want ice? 
 Large  
 yeah 
milo]:  Waht flavor popsicle? 
  
 guvara 
milo]:  Alrighty!~enjoy_ 
Chole]:  thx 
Mery_Jenifferlqueen]:  HI welkome to bakry how can i order youuu!!! 
|: 1 large milkshake m& m 
 okay 
jackie]:  opeen 
jackie}: open 
jackie]:  OPEN 
jackie}: HII 
jackie]:  OPEEN 
jackie]:  WELCOME TO PB 
 hello 
: Is it a brid? Is a plane? Its an open lane! 
jackie]:  HOW CAN I HELP YOU 
jackie]:  LOVE UR FIT 
}0c31yn]:  thank you! 
jackie]:  what would you like 
}0c31yn]:  may i please have your three favorite itmes 
jackie]:  ok 
jackie]:  sure 
}0c31yn]:  thank you! 
jackie}: alr 
jackie]:  i gave u thrree 
jackie]:  things 
jackie]:  welcome 
jackie]:  to pb 
jackie]:  OPEN 
jackie]:  HELLO 
"jackie]:  OPEN"" "
  
 Hello 
 hello 
me) 
 Can I get a vanilla milkshake and a brownie? 
"inymph]:  (@"") That sounds great! Wait here while i get your order! "
 Mk! 
i3ss]:  open lane! 
i3ss]:  hi welcome to pasteriez bakery! my names jess and ill be serving you today!! 
 | want food Jess   
j3ss]:  the menu is right above you please take your time :) 
jackie]:  FAIRY MORTAL 
jackie]:  IF U AR #### GOING TO ORDER 
jackie]:  PLEASE STEP AWAY FROM MY REGISTER 
oveskycocoandki  js eHHHRRRRRR RRR 
Iloveskycocoandki  js eHHHRR RRR 
 Four 
 Choco 
oveskycocoandkiwi]:  Balls 
 And one caramel bite sized crunch 
 And one orange pop sick 
 And one triple Choco muffin 
3s]:  im sorry please order from the menu! 
 Oh 
 Ok 
nymph]:  hi 
 Triple Choco muffin 
 were both cashiers 
inymph]:  i like ur headphones 
jackie]:  thanks 
 Choco milkshake largr 
j3ss]:  alr! anything else to add your order? 
 Carmel fudge square 
 Vanilla cake pop 
 Thats it 
 Im not that ####### 
"Hi! Welcome to pastries bakery, my names chilli, how may | help you? "
 Hungry  
jackie]:  OPEN 
bakery! <3 
 K 
Whereismyhat]:   ineapple ginger 
Inymph]:  open lane! 
jackie]:  OPEN Lane!! 
 What food? 
jackie]:  ###Htt 
Inymph]:  OPEN LANE! 
natalie]:  !walkspeed 
jackie]:  OPEN LANE!!! 
Whereismyhat]:   innamon roll 
jackie]:  OPEN 
Whereismyhat]:  And vanilla vanilla cake pop 
Inymph]:  are u going to the training? 
Whereismyhat]:  Thank you 
jackie]:  MAYBE 
jackie]:  WHEN EVER I JOIN 
jackie]:  THERES NO ONE THERE 
nymph]:  its in 30 minutes 
 You may sit down 
nymph]:  its almost full 
jackie]:  THERE 
jackie]:  ARE NO MORE STAFF 
nymph]:  this server is dead 
 Hil have a complaint 
 Yes? 
Inymph]:  OPEN LANE! 
" $Hi! Welcome to pastries bakery, my names chilli, how may I help you? Ww "
 | just got the first three items 
helping you today. the menu is above! now what would you like today? 
slaypretzeluwu]:  you are in the server in discoard? 
 And now Im upset 
(YOURPERFECT]:  nomaam 
 and u? 
 Lane open 
nymph]:  OPEN LANE! 
slaypretzeluwu]:  ru in the server on discoard 
 Hello what would you like? 
 ?? 
 Umm what? 
(slaypretzeluwu)]:  server on discoard (remove a) 
VIP]   Hello! | would like a lemon macaron! 
slaypretzeluwu]:  
islaypretzeluwu): of Pastriez 
 Are u going to bye something 
  
 Great choice! ANything else? 
 no 
VIP]   Nope! 
lulu): is pastriez all lower cape 
slaypretzeluwu]:   
  
 Are u going to o get something. 
 Then please go 
 | will sumbit your order now :) 
lulu]:  they can ask questions? 
islaypretzeluwu): caps are allowed 
 No they are not maam 
lulu]:  no im saying the code is pastriez all lower cape 
lulu]:  CAPS 
slaypretzeluwu]:  CAPS ARE ALLOWED 
lulu): caps r allowed 
 Please calm down 
lulu]:  code is pastriez 
slaypretzeluwu]:  then answer 
slaypretzeluwu]:  yes or no 
 No 
slaypretzeluwu]:  thank god 
slaypretzeluwu)]:  so hard to answer 
" | am leaving this ughhh ga,e "
slaypretzeluwu]:  are you in the server on discoard? 
menu is above me) 
nymph]:  no 
fairymortal]:  __ 
fairymortal]:  hi 
 Hi 
 Come here and order 
fairymortal]:  kk 
 Ok give me ur order 
fairymortal]:  prezetl 
 Do you mean pretzel 
 #44 
 
fairymortal]:  3yes 
 Anything else? 
fairymortal]:  ____ 
{fairymortal]:  nty 
 rainbow on 
macaron bubble tea? 
lloveskycocoandkiwi]:  Okayy! Ur order will be ready soon 
fairymortal]:  ty 
 No problem 
 Hey one pretzel please it has been a few minutes 
 Open lane 
 Barely anyone in this server 
Yosana09314]:  open lane!! 
 open lane!! 
 Open Lane! :]  
epicratlol]:  STOP 
epicratlol]:  omg your so annoying 
epicratlol]:  can you stop 
epicratlol]:  ok and? 
epicratlol]:  ok that why you stink like be auiet 
epicratlol]:  do you wanna fight? 
epicratlol]:  ok so be quiet 
epicratlol]:  you whale 
epicratlol]:  like im so sick of you 
epicratlol]:  actuallly be quiet 
epicratlol]:  you to like girl be quiet wit your dead hair 
epicratlol]:  your hair is fried.. 
epicratlol]:  _ 
epicratlol]:  yeah thats what i though 
lulu]:  Hello welcome to pastriez!! How may | help you? Menu is above if needed) 
Theyfw_Tay]:  Hello 
Theyfw_Tay]:  | wanna know how to apply for a job 
Theyfw_Tay]:  ? 
Theyfw_Tay]:  Hello? 
quiz then once u get accepted do the trainings  
lulu]:  sorry iwas typing 
Theyfw_Tay]:  Its ok 
Theyfw_Tay] 
Theyfw_Tay]:  And Tysm! 
lulu): theres a game called apply for a job! 
celine]:  open lane! 
celine]:  sigh the only server that has open registers is the dead one.. 
 Hello! Welcome to Pb! 
 May I have a chocolate brownie 
jjellybeanz]:  yeah ofc will that be LI 
 K- 
celine]:  open lane! 
Ratatouille]:  Open land! 
Ratatouille]:   
 OPEN TILL! 
celine]:  open line! 
celine]:   
celine]:  open line! 
aking your order today!- What can | get stared for you?! 
Welcome to Pastriez. What can I get for you today? 
iamkadushi]:   
beep]:  Hello! Can I have one small latte with ice and a chocolate muffin? 
celine]:  open line! 
 Need anything? 
Ratatouille]:  Great choice! Its on its way! 
"beep]:  thanks, have a nice day! "
celine]:  open line! 
jiamkadushi]:  can | have an oreo milkshake and a red velvet 
iamkadushi]:  large 
 Alright! 
 Give me just a second I will have it ready! 
iamkadushi]:  ok  
 anyone wanna order 
jiamkadushi]:  are you done  
 We actually dont have red relve flavor 
thio0zinax]:  How do u claim a cashier? 
 Do you want another flavor 
iamkadushi]:  ok then a chocolate muffin  
 click on the screen of registor 
 OkY! 
 anyone wanna order 
iamkadushi]:  done  
 There u go! 
 i just need 8 WP 
 Hi! Welcome to Pastriez. What can | get for you today? 
 Hi 
 | would like one large Mango boba pls 
 Sure! 
BIGMAC]:  Ty 
BIGMAC]:  User is ZoeyThe_wolfie3 
 anyone wanna order i just need 7 WP. 
BIGMAC]:  Ty 
 There you go! 
Jahzzy): Your fit is so cute! 
 Hi welcome to PB a how can | assist you tday ) 
 Oops 
iff]:  Thank you! Right back at you! (: 
Jahzzy]:  Your welcome! And thank you! 
 | hate copyi&pastin 
 Open line 
 open lane 
thiodzinax]:   
 Open lane 
 open lane 
 Hi welcome to PB a how can | assist you tday ) 
 Hi 
you today. what would you like to order on this lovely day $0 
 One chocolate cake pop w/strawberry 
|HMHS_Britannic]:  Hican you mix a strawberry milkshake with a Oreo one? 
 strawberry milkshake 
 No 
 thats it 
  
 It not 
 Hi 
|HMHS_Britannic]:  | can get a oreo one 
 Hello welcome to PB how may | assist you today :D 
 sure 
 Strawberry please 
 pls 
 so ur order is oreo shake and bobcake 
 can u pls tell me ur order ogain 
theyluv_rin0}: can u please teach me how to play this game? 
BIGMAC]:  ##HHHHHHHHHHERA AEE 
 __  
   user is ZoeyThe_wolfie3 
 doneQ _ 
 Popsicle 
BIGMAC]:  Sorry to ask but did u do it? <3 
|HMHS_Britannic]:  Strawberry popsicle tho 
 Yes 
 open lane! 
 Okty 
 done 
|HMHS_ Britannic]:  It wont let me get it 
 Doit again 
 anything else 
 Finally 
|HMHS_Britannic]:  And no 
 u can have a rest the chef preparing ur order 
  
 open lane 
 Hi welcome to PB a how can | assist you tday ) 
 Open lane 
thio0zinax]:  Open lane 
 Open lane 
 Hi! Welcome to Pastriez. What can I get for you today? 
saltyhokie]:  can i please have a glazed donut 
 @Ineeda 
 @Ineed a 
 @Ineeda 
 Sure! 
 Dounat 
ive me one second!  
 ofc! 
 Type?<3 
Ryan]:  Somebody is point cheating | didnt order anything. 
Loloh_19]:  a chocolate 
 Anything else? 
(Jahzzy]:  Who was it? 
Ryan]:  I cant remember the user 
 Have a Good Day! 
  
Loloh_19]:  Do you have some milkshake chocolate 
Jayskitten]:   
 Hi! Welcome to Pastriez. What can | get for you today? 
iLoloh_19]:  One 
Jahzzy]:  Oh okay! Next time take a screenshot so you have proof 
(Jayskitten]:  hmm 
 
 Ok 
"Jahzzy]:  To show an admin, "
 Hey Im kinda new how dou claim a stand 
Jayskitten]:  Strawberry cakepop 
 Take your time! 
 Sure! 
Ryan]:  Click on th cash register screen 
 Okay 
 Alr submitted it ty 
  
 open lane 
Ryan]:  Np! 
Jayskitten]:  Oki! 
(Jayskitten]:  Oki! 
Jayskitten]:  Oki! 
 Open lanee 
available;) 
riana_girl234]:  hello 
 Hello? 
uget to? 
riana_girl234]:  how dol become staff?  
(Jayskitten]:  Yes ty 
Mya]:  You welcome! 
itheyluv_rin0]:  howw 
  
" You can leave now your order will come shortly, "
lomgjustbeteylolloi 
 Play on pv 
 Pe 
riana_girl234): !apply 
itheyluv_rin0]:  where to apply? 
itheyluv_rinO]:  where to apply? 
 order 
have lots on the menu 
 I can help. 
ould i please get a cinnamon roll and a large peach bubble tea? 
lomgjustbeteylolloil]:  who do u have exactly? 
 You new to join group 
 2 order 
Loloh_19]:  2 order 
izyaaire]:  It wont let mee 
 Then become something 
 Thx you 
 Np 
theyluv_rinO]:  thanks 
  need to join group 
 Wait imma join a bigger server 
 ____  
 Then do the application 
}: Just keep clicking it might work 
 ? 
theyluv_rin0]:  thanks 
theyluv_rinO]:  thanks 
theyluv_rin0]:  thanks 
"avatar, lol "
 Im sorry let me redo the order 
i what can i get for you today! 
 Also if u have dizzy then go there too 
" Hello, what can | get for you today? "
milo]:  Thats all for today? 
 waitt- 
icreamyjorts2]:  yes please :] 
 2order 
 thank you! 
icreamyjorts2]:  thank you! 
 thank you! 
icreamyjorts2]:  thank you! 
today? (The menu is above me!) || 
 Of course! Let me put that into the system for you :) 
 Two 
 Can I get a Oreo cupcake 
Jayskitten]:  Can I get a Oreo cupcake 
 Can I get a Oreo cupcake 
 ofc 
 Yes Im 
 Ik 
 | redid to order 
 Would that be a large mocha? 
Doll]:  Yes please 
 im so sorry i havent played thi: 
 Of course! 
(Jayskitten]:  Its okay 
Jayskitten]:  Its okay 
(Jayskitten]:  Its okay 
Jayskitten]:  Its okay 
(Jayskitten]:  Its okay 
Jayskitten]:  Its okay 
(Jayskitten]:  Its okay 
itchen prepare it  
 Okay! 
due to you being further away _ 
 Lauren 
 Can I double check your user please 
 Can you order me anything its for a quest 
 me too? 
 You need my user? 
"milo]:  Hey, welcome to Pastriez what would you like?  "
" Hey, welcome to Pastriez what would you like?  "
 Yes :) 
DarlingRen]:  can you do to me too? 
 O worries 
 Sure 
Doll]:  PlasticDo1l 
 hello! 
 Thank you! 
milo]:  sure what size 
 what can i get for you 
milo]:  Is that all? 
(6lunt]:  mhm! 
 May in have a coffeee with extra caramel 
00Charliethecat00}: May in have a coffeee with extra caramel 
 May in have a coffeee with extra caramel 
 I 
 sorry we dont have carmel 
 for coffee 
(00Charliethecat00]:  Thats okay replace that with a donut 
"Alfieshmalfie]:  Hello! May | please have a medium iced latte, thats all! "
 hi 
 what kind? 
jastrxnOmyy]:   
 sure! 
fo go to one of our more experienced employees  
00Charliethecat00}: Glazed please 
(00Charliethecat00}: Glazed please 
 is that all? 
(Alfieshmalfie]:  Thank you! 
Doll]:   
 no problem! 
 No problem! 
 there 
(00Charliethecat00]:  What do you recommend for the dessert? 
 have a great day! 
Amy]:  Free lane! 
 oh my apologies i already submited your order 
 i can order agin if you want 
 hey 
 _ 
 ? 
 Free lane! 
Amy]:  Free lane! 
 did ou wanna do 
 you  
 Yeah order me anything 4 a quest 
 Hello! What can I get for you today! 
 Hello! What can | get for you today! 
 hi 
"milo]:  Hey, welcome to Pastriez what would you like? "
lastrxnOmyy]:  what would your order be? 
 just do sugar cookie 
hat  lastrxnOmyy] 
"Alfieshmalfie]:  Hello, may I have a rehgular mango bubble tea? "
 yes 
milo]:  Is that all? 
(Alfieshmalfie]:  Yup! 
 one second! 
 Tysm 
  
(Alfieshmalfie]:  Thank you! 
milo]:  Alrighty enjoy 
lastrxnOmyy): alrighty! 
 what abt you 
j: Open lane! 
: Open lane! 
j: Open lane! 
 AFK 
Alfieshmalfie]:  Hello! 
 Hello! 
(Alfieshmalfie]:  MY | get a regular banana milkshake 
(Alfieshmalfie]:   
foregonalabamahawaii): Yes is that all 
(Alfieshmalfie]:  Yes 
loregonalabamahawai 
oregonalabamahawaii]:  Ok 1 moment 
loregonalabamahawaii]:  Ok 1 moment 
 Back 
 Openn 
janiiii]:  open lane! 
 Bio 
 Gio 
 ? 
  
 Can you order me a cookie any type 
 Hello! 
ghostly]:  wdym 
 Open lane!!44 
 open lane 
  
 Its for a quest 
your order today! What can | get started for you? || 
 Hi welcome to PB a how can | assist you tday ) 
 Hi welcome to PB a how can | assist you tday 
 Hi welcome to PB a how can | assist you tday ) 
 Oops 
 open! 
 May | please have an oreo shake and a choclate muffit 
 open lane 
 Ofc! Anything else? 
"ifesaver]:  hello, could i please have a medium expresso, wit  "
|: Free lane here! 
 Free lane here! 
 Nope thats all! 
 Alright! Stay here while i ring you up 
 Okay! Which size of the Oreo shake? 
 Large please! 
 Enjoy! 
|: || submitted your order! Have a nice day!||  
|: ||| submitted your order! Have a nice day!||  
|: || submitted your order! Have a nice day!||  
|: ||| submitted your order! Have a nice day!||  
  
 Thank you! You as well! 
: Free lane here!  
}: Free lane here!  
: Free lane here!  
}: Free lane here!  
Fifi]:  Free lane here! 
brianniee]:  
 Me? 
serving you today. How may | help you? 
brianniee]:  
 Free lane here! 
on the side. please and thank you. 
 ok 
ghostly]:  to do this 
brianniee]:   
brianniee]:  may i please have a small iced latte and a sugar cookie? 
i]:  You have to use the menu to order it 
 ? 
jamee]:  Hi  
 wdym 
ella]:  what can i get you 
ella]:  what cani get you 
j: And then a chef will cook it  
heartMyNay]:  hello what may i get you on this fine day? im milo btw! 
the side. please and thank you. 
 Of course! Your order will be ready in a moment. Enjoy! 
heartMyNay]:  alr gimme a sec 
brianniee]:  thank you! 
i]:  Tap on the register get the menu 
 open lane 
ella]:  hey 
Jamee]:  may i have an strawberry cake pop with any drink please 
taking your order today! What can | get for you? 
 open lane 
ella]:  ok 
heartMyNay]:  alr1. 
 Hello 
"ifesaver]:  awesome, 10/10! "
 Free lane here! 
heartMyNay]:  ofc! 
Anna]:  Hi 8s there anything with oreo 
|: open lane! 
serving you today. How may | help you? 
"heavenly]:  Look above of ur head, theres amenu "
"i, can i just get one choc chip cookie and a large strawberry boba? "
: Free lane here! 
 Free lane here! 
Jamee]:  may i have an strawberry cake pop with any large drink please 
heavenly]:  __ 
heavenly]:  I found one 
lheartMyNay]:  open lane! 
 Sure! Is that all? 
heartMyNay]:  OPEN LANE! 
" Ok, your order will be ready in a moment! Enjoy!! "
lheartMyNay]:  hello what may i get you on this fine day? im milo btw! 
 Free lane here! 
ia]:  Thank you <3  
Cookie]:  Open lane  
 Wnjoy!! 
"Jamee]:  okay , thank you :) "
 
 #atitatssaaitatssaatitataaittie 
 #ititstssaatatssaattat staat 
heartMyNay]:  ? 
 open lane 
heavenly}: if ud like to order that 
Cheese_Curds]:  U got Big Mac 
Anna]:  i want oreo milkshake and cinomen roll 
janiiii]:  open lane! 
heartMyNay]:  no sorry this is a bakery. 
"heavenly): Okay, i'll be right back! "
Techi]:  Let me handle this 
hello! Im jani! what can I get started for you today? :) 
Techi]:  Yomy man 
heavenly]:   
heartMyNay]:   
heavenly]:  HELP 
lheartMyNay]:  bro 
lheartMyNay]:  ican doit 
  
 open lane 
heavenly}: hello 
janiiii]:  open lane 
Techi]:  Ok we will make it for you 
  
 hello 
Techi]:  Take a sit 
iCheese_Curds]:  2 big max pls 
heartMyNay]:   
heartMyNay]:  yeah sure 
 open lane 
Techi]:  Got it 
Techi]:  Ok 
 ? 
Cheese_Curds]:  And sprite 
Joly22398]:  Hello | would like a coke a big mac and two large fries 
(Joly22398]:  Hello | would like a coke a big mac and two large fries 
heavenly): # #### 
heavenly]:  1sec 
Cheese_Curds]:  Glad doing business with u 
I'm sorry we dont serve thT  
Cheese_Curds]:  # ### ### 
heartMyNay]:  this isent mcdonalds. 
Techi]:  Appreciate i 
iCheese_Curds]:  Pathetic 
(Joly22398]:  Whats thT 
Cheese_Curds]:  Go in the kitchen u dont belong here 
Cheese _Curds]:  Goin the kitchen u dont belong here 
'm sorry it was autocorrect 
Techi]:  Fr 
 satiate 
heavenly]:  sorrry im doing ur order hold ip 
Anna]:  You know how to get an order? 
 up 
heavenly]:  yes 
lheartMyNay]:   
lheartMyNay]:  sure 
jawg.  
 open lane 
heartMyNay]:  cant do his job right 
IheartMyNay]:  open lane!  
lheartMyNay]:   
lheartMyNay]:  hello what may i get you on this fine day? im milo btw! 
Joly22398]:  Buns 
lheartMyNay]:  k 
lheartMyNay]:  go 
lheartMyNay]:  open lane! 
 open lane 
 ty 
 Hise at 
Joly22398)]:  Hello 
 open lin 
Techi]:  Hello my g 
 _ 
 e 
Techi]:  Sup 
janiiii]:  open lane! 
 open lane 
 Hi 
taking your order today! What can | get for you? 
 open lane!! 
Techi]:  Ok take a seat 
 Could I get a mango boba please? 
ainbow on  
(Joly22398]:  Ok nice  
itamir644)]:  pls tip 
 open lane 
heavenly}: regular or large? 
(Joly22398): Eat my 
Joly22398]:  Buns 
VIP]   Open Lane! 
{tamir644]:  I'm poor I'm not have money 
Anna]:  | didnt get the milkshake 
heavenly]:  Okay coming right up 
heavenly}: sorry hold up 
lheartsforelsie]:  i was here first 
it was unclaimed sorry 
Anna]:  Can | get oreo milkshake 
  
Lier]:  Helloo  
iheartsforelsie]:  oh 
jaa]:  Hello! My name is Liaa what can | get you today? 
lemmaemma5r6]:  hello 
brianniee]:  can you hold my cash register please? i need to make an order! 
today? :) 
ier]:  Beautiful name!  
lemmaemma5r6]:  may i have a regular strawberry milkshake and a blondit 
 open lane 
VIP]   | dont believe I will be able to. 
"ier]:  And | like some coffee,  "
ier]:  Cappuccino please: 
jaa]:  Sure! 
lheartsforelsie]:  can someone order? 
 ty 
ghostly]:  ok 
VIP]   but ill do my best. 
brianniee]:  okay thats fine 
 open lane 
lemmaemma5r6]:  you would only put the order in 
heavenly]:  50 mins left for frappe 
lemmaemma5r6]:  through the cash register 
itheyluv_rinO]:  hi how can | help u? 
rla]:  open lane 
VIP]   open lane! 
lemmaemma5r6]:  _  
Lier]:  Thank you! 
ier]:  AIL have is 1 rp is.  
 OF C!S 
ier]:  Robux   
lheartsforelsie]:  open here! 
lemmaemma5r6]:  hi 
 Please let me know if I can get you anything else # 
 Please let me know if can get you anything else # 
 Please let me know if I can get you anything else # 
lemmaemma5r6]:  may i get a regular peach boba and a brownie 
 ofcourse! 
 open lane 
rla]:  open 
 is that it? 
lemmaemma5r6]:  yes 
 open lane 
(cl33]:  @@|| OPEN LANES 
 ok! your order will be ready soon! have a great day. 
lemmaemma5r6]:  thank you! 
rla}: Openn 
r1a]:  open laneeeeeeeeeee 
VIP]   Open Lane! 
 open lane!! 
brianniee]:  
 open lane 
 can you move ? you can't work it anyway 
 
brianniee]:  here have mine 
 Hello 
 ty! 
Rankerz]:  hello how may i take your order? 
VIP]   Open lane ! 
rla]:  open! 
(cl33]:  @@ || open lane 
 can I have a large mango bubble tea 
 ofc! 
(cl33]:  open lane! 
 Take your time 
 open lane! 
 That was all!!! 
rla}: Opennn 
 Open lane W 
 open lane! 
rla]:  excuse me 
 yes? 
 hello! my name is gio what could i get you? 
 open lane! 
 why does my rankis still a trainee 
icl33]:  open lane 
rla}: | already train 
 open lane! 
" maybe you failed the test , or didn't go to a training "
shake? 
 maybe you failed? 
rla]:  And all the people that train with me is already a cashier 
patatesmanxxx31]:  you maybe didnt get enough points 
 open lane! 
 Lane is Open# 
 STOP 
patatesmanxxx31]:  you sure? 
 dont be agressive 
 IT GLITCHED 
 somebody was confused and was mad at me saying Im a trainee 
taking your order today! What can | get for you? 
 THERE IS NO 
 stop yelling 
 WHYYY 
(ria): | already look at it 
 just find anoher one and be polite. 
  have anger issues. 
 dont 
 tel 
 me 
 to 
Doggyflap]:  chill 
patatesmanxxx31]:  did you leaved before getting rank 
 maybe? 
 dont be agressive 
" Nobody care, just find another one, please. "
 popcorn 
Doggyflay  
rla]:  | waited 
riana_girl234]:  | have a question? 
VIP)   !walkspeed 
 yes. 
riana_girl234]:  what's your motto? _  
 what? 
idk]:  wheres the menu? 
today? :) 
heavenly]:  on top of ur head 
riana_girl234]:  like pastries motto? 
Paradox]:  Do you have cupcakes? 
heavenly]:  dw 
patatesmanxxx31]:  no problem. 
 Oh yes! We do 
 im not sure what that means i sorry. can u explain? 
"brianniee]:  hii, may i please have a brownie and a large banana milkshake! "
Paradox]:  Can I have a vanilla cupcake 
VIP)    
idk]:  can i get an red apple dipped in choclate pkease?  
brianniee]:  yes please! 
 Yes! Give me one moment 
" Hello welcome, what would you like today? "
 Ok:) 
heavenly]:   
heavenly}: great choice! coming right up 
 Hello 
r1a]:  Open laneee 
idk]:  thank youuu  
seat in one of our cozy chairs while our chefs prepare your order(s)! {@> 
HOlOW3D): #thank you 
Paradox]:  Thank you 
expeirence--with delightful food! ;) 
brianniee]:  thank you! 
idk]:  chocolate please  
 milkshake with a blueberry muffin 
heavenly]:  okay sorry 
riana_girl234]:  __  
idk]:  its okay dw 
heavenly]:  have a seat 
 Okay what flavor for the milkshake 
 hello!  
 Yes 
 open lane! 
riana_girl234]:   
" strawberry, "
ila]:  Ok it must be done shortly! :) 
HOOW3D): Lane is open # 
  
" sure, go ahead! "
_____ 
 large 
riana_girl234]:  what's your motto? 
 open lane! 
riana_girl234]:  like pastries motto 
VIP]   Open Lane! 
 motto? 
riana_girl234]:  yes?  
 thx man 
 i may look like dumb but 
 wdym 
idk]:  thant you 
VIP]   Open Lane! 
riana_girl234]:  don't u guys have a motto?  
"ce maybe ""can and bake with us"" "
 yes we have a motto  
riana_girl234]:   
 OhOhOh 
today? :) 
 yep 
 Oh 
 welli think so 
 Hello 
riana_girl234]:  I need it 
riana_girl234]:  plss 
" Welcome, my name is Barbie how may I help you today? "
rla]:  excuse me 
"brianniee]:  hii, may i please just get a strawberry limeaid popsicle "
brianniee]:  thats all! 
 can | have a large mango bubble tea 
" look at the bio on the game, that should say it "
 Okay one moment!! 
 Yes 
riana_girl234]:  ok thanks 
 your welcome! 
 Thats all! 
riana_girl234): !apply 
 Open lane! 
brianniee]:   
brianniee]:  thank you! 
 Your order should be done soon # 
 all ready 
Alanna]:  open lane! 
 open lane! 
rla}: Open 
 Open lane!! 
 Lane open # 
 Hi 
ria]:   
(rla]:  What can | get for u 
 Can | get a large peach boba and a cinnamon roll 
 open lane!  
rla]:  Let me see if we have that 
 Open lane! 
"ra]:  Ms we dont have boba sorry, "
 yes we do.  
 we do 
 Ok just the cinnamon roll then 
  
 come to my lane ican get if for you. 
 Can | get peach boba large please 
macoroons ? 
 yes! 
 Ty 
 Sure! Please stand still as i submit ur order! 
 Open lane! 
 Tysm 
 just placed your order! 
 it should be ready soon. 
 hello! 
 Open lane! (UW 
brianniee]:  thank you! 
ir thank you for being nice tome    
 what would you like to order? 
 Order whatever u want under my name 
 Open lane! 
 open lane!!!  
patatesmanxxx31]:  hmm 
 User is unicornpug 
 Lane open 
 Open lane 
 done! 
 open lane! 
patatesmanxxx31]:  hope you liked it .D 
 open lane! 
 why is everyone leaving 
 Can ihave a mango bubble tea 
 regular 
Ihyper]:  :rainbow on 
ME TROUT'S ARE SOON ) 
leyedress]:  hi 
 regular- 
 large 
 ohh sorry i didnt see what u said. lol 
 Thanks  
 umm hello 
leyedress]:  I can take the next customar! 
 can I get a brownie plz 
 and how do you become a trainee? 
 u have to join a training lesson. the next one is at 2 est! 
 so 11 pst? 
 ithink so 
" im joiing then, so maybe ill see you!  "
helping you .what would you like today? 
 Open lane! 
 open lane! 
riana_girl234]:  open lane 
(cl33]:  open lane 
Ihyper]:  Someone is point cheating? 
 Who? 
Ihyper]:  Im not sure. 
 open lane! 
 opeen 
 same I got a brownie just now lol 
heavenly]:  open lane! 
 someone just doin it for point 
heavenly]:  open lane! 
 hello 
taking your order today! What can | get for you? 
Elphant_insidebox1]:  bro if you want points go to the training 
" maam, this is not an obby. "
patatesmanxxx31]:  worker points. 
ice and maui coffee popsicle 
 ####iitite 
 open lane! 
 open lane 
 opennn. 
 laneee 
patatesmanxxx31]:  open lane! 
hyper]:  How do you set up the tip jar? 
Vampiidz1037]:  Can | get a sugar cookie 
heavenly): ##### 
(Vampiidz1037]:  Please 
 pasting your clothing or gamepass id 
 open lane 
ily}: Thats not nice 
hyper]:  Wait so we have to make clothes? 
Lily}: What! 
ily]:  Someone just took my order- 
patatesmanxxx31]:  or gamepasses 
Lily]:  | didnt even order 
 anything else? 
Ihyper]:  Is it free to make those? 
Vampiidz1037]:  No thank you 
you today. what would you like to order on this lovely day $0 
patatesmanxxx31]:  gamepass is free 
Welcome to pastriez bakery! 
 :) 
Ihyper]:  Ok 
 cup cake 
patatesmanxxx31]:  clothing is 10 bobux 
ily]:  How may | help you? 
 ye 
 HII! 
 Welcome what may | get YIU? 
ME TROUT'S ARE SOON ) 
brianniee]:  
 oops 
(Vampiidz1037]:  Thank you 
beautiful and amazing iif what may | get you? 
 regular strawberry bubble tea and maui coffee popsicle 
heavenly]:  okay 
Cate]:  HHHsHHHHHARAHH RAHAT 
 @mi 
 May | get a cup of coffee with almond milk 
heavenly): ur order wuill arrive shortly 
 which flavour 
Lily): Is that all? 
banffunicorn]:  Come here 
 Chocolate milkshake and a chocolate fudge square 
 ty 
brianniee]:   
taking your order today! What can | get for you? 
Oreo]:  and two brownies 
/BLOXBURGXSummerX]:  sorry im not robux 
 
thatsomeone_official]:  you stink 
 What can I get you! 
ily]:  Wait maam 
Baby_Cake]:  vanilla 
Open lane! 
menu is above! thanks for selecting PB! take all your time to select what food u like! 
breanne_O7]:  HI 
 ye 
arge vanilla mlikshake 
breanne_O7]:  | WANT ONE BEAN 
" can i have, a large mango boba, a chocolate chip cookie, and a blondie? "
 is that all?  
 chocolate 
 whice one 
