" If they continue, they may be.  "
 NEXT 
 open lane! 
 Open lane! 
" No, they have a special submit button. "
: {OPEN LANE!  
 Omg 30 mins? 
 Want a refresh? 
 They are alla hr 
ity WY X @ data-generator.py 
 sure! 
 Open lane! 
 open Lane! 
 Hi 
 Hello! welcome to pb what would u like to order today 
YOU GET A REFUND( get the same food twice for free) COME | 
 OAMAOMSSK 
 Give me 3 suprise things 
taking your order today. Take your time to figure out what y 
 stinky rat over there.  
 5 
us! What would you like to order for this wonderful day? ~ 
 #####HHHHHHHHAHHHAHAHHH ARH E HET 
" I do every year, lol. "
| The menu is displayed above me if you need an  
COME ON #####  
 9 minutes. 
 ######HHHHHHHHHHHAHHHHHRARH HHA 
" Hi welcome to PB! W My name is Kari, how "
 Can i get a milkshake strawberry large 
  
 48 POINTS LEFT 
 @ | Amazing choice(s) ! Please give me a moment t 
 will you be there?? 
  
 excuse me? 
  
 u still dont have legs and arms 
  
 Points are better than minutes. 
 oh alright! 
| Will that be all? 
m one double chocolate donut and a chocolate fu: 
 I wanna go 
 Ty 
" Maybe, not sure. "
 yup 
 allright! 
name is Emi what can | get you on this Beautiful day/night? 
 would you like to order or what 
 but it will start in 29 mins? 
 | want a bubble tea large mango. 
 how much? 
" I have to go, but join in 9 minutes. "
 Open lane 
whatever size and thats it 
 @ | Amazing choice(s) ! Please give me a moment t 
it takes ages to get 50 points omg. 
 Sir 
erfect choice! P Will that be all for today? 
 Yes? 
 Hello! Welcome to P Bakery! What can I get you t 
 Yes?  
 | Didnt Order anything 
  
 Can I destroy Alejandro 
 Okay! Your order will be out shortly.  
 oop 
 It will be 10 mins? 
 F 
 both 
Please take a seat as you wait ! ~ 
 ###### i sthe museum?  
 Open lane! 
I'l look into  
I will destroy this small rat  
  
 170 something  
 ok 
 open lane! 
 i acually dont know sorry 
 Okay! Your order will be out shortly. @ 
 Open lane! 
 Have a great day. 
 open lane 
ME WANT BE CHEF FOREVER >:( 
Hahahha 
whatever size and a donut with vanilla icing 
 Hello! Welcome to P Bakery! What can I get you t 
 Yep! 
I think it's best you become a higher rank. 
  
 +Open lane 
 Thank you! You as well. 
 Im sorry who can | complain to about a guy 
 why? 
 ## 
 You can only get 3 things 
 ok 
 +Open lane!+  
 Toa admin 
 Open lane! 
 Remove sugar cookie 
Except Alejandro. 
 alright 
 Alejandro is a bad person 
the Mango Bubble tea! 
  
 If your wondering 
 I will remeber 
 Open lane! 
she got the demon 
 Ok your order will be in your inventory soon! 
 ____ 
 He  
 Why do you keep submitting the same orde 
 OPEN LANE 
 No. 
that's dough. 
 Open Lane 
 omg again 
 Im reporting this 
 EXPLOIT? 
 Don't make his orders.  
 what the- 
 I'll report to MR. 
  
 Your point cheating. 
 Please stop 
 Open lane! 
He is reported.  
 In the server? 
 cTonnn 
 HELP BAN THIS PERSON 
 WHAT THE 
!walkspeed  
 what's his user? 
 Open lane! 
 nvm. 
I'll get an MR.  
 Okay well since he's continuing we should 
 there's a hacker 
 | CAN GETAN MR 
 OR YOU CAN 
 ###### 
 yeah we need a manger 
 Ive repoted this to the group 
 alwjandro suck 
 reported 
  
 OH GOD. 
 What is even happening 
 Open lane! 
 Excuse me miss 
  
 It disappeared. 
 Yes? 
  
 Get a Mr 
" Did you order off someone by the name ""d8931 "
 DEATH TO USA Mal-      due 
 Tags 
-Call Mr-  
 Syntax Error: UNKOWN PLAYER | scr 
 Did you order off this person? 
them!43}7} 42id}x} SSS =x}! DEATHTOUSA | | | Shai 
 Hello! Welcome to P Bakery! What can I get you t 
 Open lane! 
lovely day? You can see the menu located over your head. 
 Uh? 
 Me sad 
" Hi welcome to PB! W My name is Kari, how "
 My bestie come over in a 20 mins 
 Open lane! 
" Sir, | think your point cheating. "
help!+ 
 22-20p 
 Slayy 
 Open lane over here. 
 what would you like> 
 They did the same tome 
taking your order today. Take your time to figure out what y 
 Bouncy 
 You can Get Demoted from it 
 uh 
Please don't! Thanks:)  
 strawberry cake pop? 
 awh 
 Your rank will Be demoted Please sto 
I'll do next one  
got the same order 
 sure! anything else? 
 Gltho! 
.bye 
 and strawberry milkshake 
 Hello 
 alright 
erfect choice! P Will that be all for today? 
 regular or large? 
 Nvm 
 large 
 Okay! Your order will be out shortly.  
 Me so scared 
 Have a great day. 
 thanks! 
 @ 
It'll be okay. 
 Hello 
 Im starting to wonder 
 This is a question 
 What is it? 
 
" Hi, | believe they left. "
  
 Same 
  
 Same 
  
like trainee - cashier - chef # ## and KL 
 :) 
 :( 
 Ok! 
 Open lane! 
 
 Open tit 
light be an exporter 
 Me wanna say somthing  
 Hm? 
 and stuff like that. 
"wolf, the US imperialist aggressor!11|0] 21 SL0| O|m/2j2taH! "
 help 
 rejoin 
rainbow on  
 May you show me who? 
 What's up?!?!! 
 Open lane! 
 Brb 
 him 
"Everything will be okay, okay?  "
 Can iadd smthing. 
 Don't worry. 
Aza sola 
 Yes? 
taking your order today. Take your time to figure out what y 
  
 | will have the same 
 Open lane! 
" yes, me too. "
 I got these 
 I cant goin. 
 When i didnt order it 
 Perfect. 
 Come. 
 Yes. 
 oh sorry! 
"Okay, let me refresh you.  "
 No problem!  
 Idk his user 
 thank you 
 No worries! 
 Okay! 
 what aname 
Aza sola 
 Random Numbers 
want a big cup of poo 
 ew u stink girl 
 Thanks! 
  
 gross 
" Order properlt, please. "
I'm sure you'll do well  
 Have a great dau. 
Can you show me who>  
 get some deodorant 
 follow. 
 uhh yall don't mind me 
 go away 
 SMELLY 
 uh no 
 
 Btw the Point cheater 
"efforts on every step, but in vain! 29] 2540} why Se Af 2eo}  "
 Please don't make us get MR. 
 please leave me alone 
 But there is another 
: Hello! Welcome to PB! How may I help you?  
 NO 
Can | get a red velvet cakepop ande a cappuccino m  
 The menu is located over your head. 
  
jafranco2]:  eu quero trabalhar com 
KEEP GETTING MORE  
 Yes he just keeps joining back 
 Please be kind. 
 nou smell 
 GETMR: 
jafranco2]:  vocs 
 Illtell you 
  
 Anything else ig 
 Oh. 
 and hes submitting orders again. 
 just got one. 
"apologize, "
Wellcome to pastriez bakery my name is Rose how c  
Open lane!  
" Give me a second, please. "
 ###8HHEHHHHEHERHEEERRRERRA AERTS  
 Nvm 
understand.  
 Open lane! 
them!43}7} 42id}x} SSS =x}! DEATHTOUSA | | | Shai 
 | can redo  
 Someone dealt With Him Hes Point cl 
 He keeps coming back 
Aza sola 
 Glving People random Orders 
 Stop trolling and stop point cheating. 
 When they Didnt order 
: OPEN LANEE.faay!  
 Done!  
"wolf, the US imperialist aggressor!11|0] 21 SL0| O|m/2j2taH! "
Imillie] 
"saying, though.  "
 Yes and he insults American people 
his makes iy even harder    
 Continuing these actions will result in consequ 
 Thanks for the great service and you have a nice day 
 ajuda 
"efforts on every step, but in vain! 29] 2540} why Se Af 2eo}  "
 Bombastic side eye 
 SHUT UP KID!!!!!1!11111 
If de seaneEeeR  
 Ty 
 Open lane! 
 He countines 
 Contiunes 
 Open lane! FH  
 im really upset 
 LEAVE 
 can i have a venti frappe 
 is there anything I can get you? 
got banned in many cafe games  
a7} BECHO 
 and a cookie  
" Oh, well you were probably trolling then. "
" We do not have Venti Frappe's, the Menu is right abo "
them!43}7} 42id}x} SSS =x}! DEATHTOUSA | | | Shai 
" Or if you weren't, that's weird. "
" bake me cake, today is my birthday, no one ki "
Aza sola 
 even if its my job 
 We unfortunately don't have cakes. Yo can:  
if u kick him out he will join back 
 Size? 
" Well as stated in many games roles, we don "
 venti 
 Sir Stop Trolling And Point cheating 
 Its so irritating 
lould you like ice with thtat? 
 BUT THATS A FREAKING BAKERY 
 yes 
" Sorry, we don't have cakes. Would you like "
 and a cookie  
  
 We do have cupcakes. 
 To staff Please come 
 What batter would you like? 
 He was shouting at this Person 
 chocolate chip  
a7} BECHO 
 Okay! Your order will be out shortly.  
 Open lane literally right here?!? 
 | heard Him shouting at her 
 Have a great day. 
 ok | 
"  ir, please order off menu or step asaide "
 bye 
 Aside  
them!43}7} 42id}x} SSS =x}! DEATHTOUSA | | | Shai 
 open lane! _ 
 If Im Not Mistaken. 
Aza sola 
re-take the quiz and attend trainings to gain your rank back 
 Next pleas 
candle 
iss 
return if there's an issue! 
 He was trolling. 
 Im srry About that 
" Okay, we just don't have the options to add "
  
 And Okty 
 was it the d8 guy? 
 open lane! 
 Hes Been demoted 
" Hi welcome to PB! W My name is Kari, how "
 yup. 
 He wont Come back 
 Hopefully 
 Can i have a strawberry milkshake large 
 Open lane :) 
 Okay is that all? 
 Yes! 
 Btw i like ur avatr 
 Alright your order will be with you shortly! 
 Avatar  
 Hey. 
 kill me 
 LEAVE 
 Hes returned 
 Hm? 
 whats the rank button? | got kicked and said ran! 
Be appropriate 
ima make a meme out of us so brb$ 
 Theres a session <3  
 Due to Point Cheating 
 Open lane. 
 | don't have enough 
" no he is good, he have man face, he is just as "
 kid be quiet 
 Off the counter. 
 NOW JOIN U DONT NEED 
 yessir 
 DO NOT TELL ME WHAT TO DO 
 Excuse me 
  
 Please Be respectful 
 How can u get worker points? 
 You have been demoted Once alread 
 I gtg 
 Mhm! 
 Ty 
"fou can take orders, clean tables and clean spills  "
HHALAAAEEAAAAAER EAHA RARER ARERR 
 Ah 
 Please keep a eye On him Ty 
: be appropriate 
No problem. 
 d89 guy is point cheating again. 
his game isn't for clowns  
 And Tommy is hacking 
 Open lane! <3 
 WAIT 
 Hes already been demoted 
aam 
think they were demoted. 
 Theres a hacker 
 deserved 
 hes point cheating again 
 TOMMY IS HACKING. 
 Did he get banned? 
 why should icare 
" | am handling him, don't fret. "
know! Proof is being collected so they can be re  
 hi 
 don't take orders off him 
Someone is ordering stuff and outting it in my in 
 Hes with him 
 he is currently point cheating. 
 uhmm. 
ooh cool font  
 Open lane! 
 where do you get 
 thank you 
 #### #888 
  
 Can I get 2 Bubble teas 
 Ty 
 Someone is putting my username and giving me 
 Sure! What kind? 
 go ot the zaglo text site 
 Mango and Peach 
 Ty 
 ok! 
 Both Large] 
 ######### btw 
 Great! Will that be all today? 
 Could | also Get A Milkshake 
 Sure! What kind> 
 Mhm. 
 Who's putting my username and keep doing min 
 One Moment 
 open lane! 
 Stop it or else ill tell. 
 Excuse me 
 Yes? 
Theyre trolling  
 The cashier 
 Try now! 
 Make that a Brownie Plz 
 Don't troll. 
 Ty 
 Thanks 
 Okay! 
 No problem. :D 
 Thats everything. 
Please take a seat and have a good day! ~ 
|: Hi my name is Mira what may I get you today 
 FREAK I ALREADY GOT CAUGHT! 
 You too! 
 Bai 
 Thanks! 
on the menu above you. Feel free to take your time!  | 
 | GOT BANNED IN 1 million CAFE GAMES! | 
aonde que eu faco para trabalhar aqui 
 ATOP 
 Puede hablar Ingls 
 STOP. 
 Hello. 
 hello? 
 Hello 
 open lane! 
 Someone keeps putting my username and giving 
empresa 
located above the cash register ty and take your time 
" Ah, alright. I'll look into it "
 There is one happening in 3 minutes! 
 Join quickly. 
 ke 
 Thats all 
Did you ask for any of these extra items? 
 I cannot attend 
 Yes please wait a sec sol can submit ur order 
 When is the next One Happening 
  
 No nothing i'm just working in the kitchen. 
 im able to help assist right? 
" Oh, the next one is at 2PM EST. "
 Can u stand there rq and can i make a meme out of u 
'm not asking for any of this. 
treats/refreshing drinks take your fancy today? 
"No, unless called for.  "
 Sou wanted 
 Cupcake strawberry ? 
: Open Lane!  
" No, sorry. "
 No problem! 
chocolate cupcake with chocolate icing? 
  
 Hi Lisa! 
 could iget 
 Hey sir 
 |ADY 
 KADYN 
 OPEN LANE OPEN LANE OPEN LANE  
 Hit 
 
 Can imake a meme out of us and post it on the group 
 a strawberry bubble tea 
 How doi get a new quest? 
 Yeah! What size? 
 Do me instead 
 large 
 1UwU12314 
" Sure, and will that be all? "
like this phat juicy  
 no 
 thatd be all 
 | am a staff? 
 How canisay 
 :) 
 Oki please take a seat! U will get ur order shortly! 
 Uh 
 Hm 
 Uhh 
 Like 
 Can you look at me 
 No not u   cuz ura staff and stand there and im not s 
|: The person you're referring to was handled. 
 Wow headless  
  
" Sorry, | am confused. "
 That doesnt make sense 
 Ok ty. 
|: No problem! 
  
ished have a great day! 
 Nope! 
 Hi RORA 
 Really? 
 Wha let me get a cake pop and coffee 
 Yes 
 Do u wanna be my bestie 
 | also want a large oreo milkshake 
 _ 
 @Hello welcome to prastreiz bakery | am lucy! what  
 No  
strawberry. 
"Sure, I can't add you though!  "
 Its okay  
 Large oreo milkshake and large srawberry milk 
 couple goals 
" And will that icing be vanilla, chocolate, or  "
 Ru in the dusco group of past 
 Yep. 
 hooray 
 yass slay 
 Omg 
Well ill post it in one of the things  
|: Open register  
 U wannabe liv  
 Yup u will get ur order shortly! 
 Okay! 
 Thank you  
 Youll never be as good as liv 
 Hello! 
 Please take a seat u will get it shortly! 
 Shes the queen 
 trejoin 
 Who is Liv? 
 I would Like to Order One Coffee 
SHARTED | ATE SPICY TACO BELL AND I SHARTED @@ 
 Xxllivy 
SHARTED | ATE SPICY TACO BELL AND I SHARTED Gy 
 fluttershy? 
SHARTED | ATE SPICY TACO BELL AND I SHARTED Gy 
 Maserati penthouse 
 Would you like the icing to be strawberry va 
 Helicopter 
 Fame 
 Large Plz 
 omg rarity 
 And May I get Er 
the cash register ty and take your time to #######H#HHH 
 Ice Plz 
 HOW COULD U 
  
 Thats everything. 
: Be respectful.  
 Tyyyy Have a great day! 
 omg 
is that a rascal  
you're meal. Have a blessed day! 3 | 
 Open lane  
 Be 
 A cappuccino 
" Did you want it hot, or iced? "
 helo 
Iced 
 yall like npcs 
 And what size? 
 Ok. 
 hey uhm 
 | just refreshed! 
treats/refreshing drinks take your fancy today? 
 we love vanilla muffins 
 when will my order b here 
 theyre so silly  
 onvm 
|: Open lane! 
 What r ulooking at 
 Yup 
 thx 
"love your outfit, by the way! "
 Have you got 
 im looking at those lucious lips of urs  
 Mhm! 
  
 yes 
 What size? 
 yeah 
 okay 
 mwa  
 ###### 
 Youre quite fine too 
 But 
 thanku thanku 
 :) 
 Yes _ 
 May I get 1 Muffin 
 Yep! 
 Ty 
  
 Jumpscare 
 RIGHT 
 Will that be all today? 
 Roudha. 
" Omg, "
 Er Strawberry Plz 
 Omg. 
 omg yall some rich mxzfs fr 
: Open lane!  
 One sec lemme find it 
 So sorry for the wait 
  
" We dont have that, is blueberry okay? "
that you would like to select on the menu above you? 
 Aswell 
 Yea 
 Ty 
 vanilla muffin 
taking you ordder. What will you like to enjoy today? +   
 no 
 4 more 
 Flavour and size for the milkshake? 
 4 more vanilla muffins 
/#-#HHHHHHHE HHRHHAARH HAAR HEAR HE 
 Okay.. 
 What flavours do you offer 
: | dont think theres any cuz I cant find it  
 ??  
 OMG 
 Look 
 BESTIE 
 COME BACK 
There should be!  
 At my mouth when I wave 
 You're a Chef! 
 :cmds 
|: do you have you're order?  
 hi 
 Yes 
 first of all 
 what 
 Im too good for this 
 Cool! 
 you are so beautifuk 
 E dance 
  
 my order is 8 vanilla muffins 
 Which section is it in the popsicle one?  
 wow thank you 
 ohh 
 Yep. 
 but 
like the most graceful thing i laid my eyes on tod 
 your user says my ugly 
 im 
 Y'all have taro 
 WOW 
for each person or 1 for each 
 Okay! 
 vanilla muffi  
 Taro boba 
 Open lane. 
 ITS A MISUNDERSTANDING 
 What ru 
 AND YOURE WELCOME 
 hooray 
Thank you.  
" I'm Fluttershy!, "
 Pll have that  
  
 Thats all 
 OMG 
 Mand M Plz 
  
 Mb 
 
 THAT IS CUTE NGL 
 
 Yes 
 Thats everything. 
 SO CUTE 
 Tyyyy 
 | WISH | WAS RICH NOW 
 Your order is now submitted! Enjoy! 
 Have a great day! 
 GODDAMNIT 
 oke 
 Me2@ 
  
 were patient 
 To go? 
 | need robux 
 Whats the green thing? 
 word of advice 
 @ 
 how did you afford headless 
 Ok then. 
 Can iget.. 
 You arent. 
 Excuse me 
|: It was bought for me.  
 hi 
 wowwww 
 Open line! 
 how tho 
sorry for the wait 
want    
 a 
 WYMNO 
 getting a job? 
 
 strawberry lime popsicle 
 WOWWWWWW 
 thats all 
 OKAY GIRLBOSS 
 
 Haha! 
 We don't. 
 bye! 
 What do u work as 
 | said large 
" this s ""pastriez' "
 Which means 
 SURE? 
 yeah what do you work as 
passionfruit Leche bakery two 
 | work as a soccer/futbol referee for little childr 
 No. 
 Sometimes things may seem like trolling but 
 Open lane! 
 Thats cool 
 Done! Please take a seat you will receive it shortly 
 thats so cool 
love that  
THAT'S SO SWEET.  
hate children  
 We have 
 but love that 
m mads!@ Can i help you OM HQ  
1 WANT A MANAGER RN.   
 Open lane 
 anyways 
 What seems to be the problem? 
 ima order sum  
 She is refusing to give me paste! 
 Please@ 
 False advertisement  
 We dont have that on the menu. 
 Open lane :) 
 Someone works at a fish bar 
  
 But she whit 
 Quit 
 The menu is right above if needed. 
 Paste = toothpaste. 
 OPEN LANE 
 That's because we don't serve paste. The ment 
 @ 
 | am from mexico 
" | dont, no. "
 ok :( 
 Open lane!  
 VENTI DID THIS TOO 
"just above you, the order limit is 3! ~ "
 A food shop that sells fish | guess 7@ II 
 VENTI MEANS TWENtY. 
 ___ 
  ji what can I get you 
 A restaurant | mean 
 helo 
 False 
 Idk  
 scary i dont like the smell of fish 
 Hi! 'm mads!@ Can ihelp you CMAQ 
  
 get my friend a vanilla muffin 
 Not trolling 
 his name is dom 
 righttt 
 What would you like 
 Im looking at the menu 
like makes me ascend  
 Oh sorry 
 and vomit.  
 Yes 
fish fingers are good 
 pony 
 OH MY 
 Ty 
 Anything else 
 GIRL 
  
 YOU ARE SO PRETTY 
 
" Okay, please be patient while | submit your order! "
 Receive    
 NO PROBELM BESTIE 
 Ty :) 
1 LOVE UR HAIR  
orn bread cupcake.  
like yours too!  
  
 Why is no one ordering something?.  
 THANK UUUU 
Oh goodness. 
 @Hello welcome to prastreiz bakery | am lucy! what 
 :DDDDDD 
 Big brother 
  
 YEAH 
 what 
 Thanks! 
: It's quite warm. 
 Oh. 
 hmmm 
 Oh 
lets harass random people 
 | mean.. we do look pretty similar. 
  
 what is curly 
 I'll never get chef i gotthe anwser right but sum how 
|: Large please  
 STOP U WANNABE 
 Wheres the job center 
 Okay! And will that be all 
|: Replace the cupcake with a..  
 OH- 
 Anything ##8#4 
 HES A FAN. 
Hopefully for my birthday I can get a new one.  
 Did u submit my order 
 Okay! 
 Yes I did 
 WOO! 
Please take a seat and have a good day! ~ 
 Please wait 
Hello!  
 Ok all set! 
 I'm sure he will! 
 oops 
 love that for u 
 OPEN LANE 
 Open lane 
 No 
|: You are such a good cashier 
 Oh? 
 Aw thank you! 
 Oops   
  
 Am the toxic bacon 
 Thank you so much!! 
 Is that so? 
jave a good day 
 
 Open lane 
 You too! 
 Oo stop 
 Ok 
 Omg 
 OPEN LANE  
 Open lane 
 Damn gi  
 I will get him banned 
 im werking it  
 How come? 
 Open lane 
 Yess 
 WHY DO U BLINK 
 IDK 
 THATS SO SCARY 
 | GOT THE FACE. 
 LOOK 
  posts mail  you have an Amazon package 
 Cause he is acting cringely 
 Done submit ur order please wait a sec to receive ur 
 OPEN LANE  
 EWWWWW 
 MY FACE 
 Kthx. 
 HAHAH 
 Oh? 
 THATS SO CREEPY 
 STOP IT 
 LOLLL 
 Her face 
 Np 
 He not ###### 
 THATS SCARY 
  
" LET ME TRY OTHER EMOTES, "
 Open lane 
 IM TREMBLING  
 OPEN LANE 
 Can | have  
 
 LOOK 
 WHAT 
 ___ 
 mat 
 ure 
 EWWW 
  
 LOLLL 
 Hey! 
 Bubble tea strawberry. And 
 Really? 
 Do that again 
 STOP IT 
 Can | ask you something? 
  
 Hi Mcfatty! 
 When does next training start? 
 HI 
 hi kadyn 
 ok 
 hix 
are our options. 
 oops 
  
 Open lane! 
 The bubble tea I want large 
 Shes a fan 
 whyis everything so scary 
 In an hour and 45 minutes. 
| Wonderful! Is that everything you would like for 
will appear in your inventory in a few minutes. Thank you f 
 alright thx! 
 @ 
|: My spotify is going crazy. 
 i had the skirt first actually x 
 ;D 
 Oh no. 
 NAOQOCO 
 I have 20 points left!  
  stole her top x 
 my kootykat hurts 
 Awesome! 
 Until I can attend the training and become ss 
 nah im og w the bacon 
 
 Battle of the skirts 
|: | DONT KNOW WHO TO BELIEVE 
 nobody 
 ME?? 
 we all lie 
 Ur kitchen leader 
 _ 
 You apply. 
 | also know that 
" Anyways, cya around! 44 "
 STOP 
 Dou have to wait  
 Who hate tacos 
 WHY R U TURNING LIKE THt 
 | lagged out so bad. 
 pen & s 
 How much? 
month. 
here. 
 It was so disgusting 
 Dou hate tacos 
  
 Omg 
 right then x 
 Hello there! _ 
 The teacher out like a whole table spoo 
 I'm sure it wasn't that bad. 
don't have dis tho | would love to but I dont wa  
 Hey! 
 Do! hate tacos 
 Good luck on MR 
 IT WAS. 
"just above you, the order limit is 3! ~ "
" It was way too salty, "
 And 
 THE TEXTURE. 
" what is a pen, s "
 Was terrible 
" A carrot cupcake covered in vanilla icing, please. 4  "
 Order off menu or step out of line. 
 | blame the teacher 
 Tacos 
 Shes the one that put the sakt for me 
 Order properly please. 
 Yes 
 tell me what a ### ## # #4 
 Hi 
 yup 
 smh 
 hi alien9054 
 HI 
 | love tacos 
"ir, order appropriately or please sstep out "
today@ the menu is above | 
Open lane! 
 are you girlypop 
 LOLLL 
" Sorry, what did u say? "
 Yikers 
 hmmmmmm 
will appear in your inventory in a few minutes. Thank you f 
 | would like a muffin 
 Oh my. 
" You cannot, sorry. "
 What kind? 
If someone say that he hate tacos u ban them 
" Alright, thanks! <3 "
 Red vlet? 
 AS ALADDIN 
 Lol yeah 
 BUT THAT LOOKS NOT LIKE ALARDING 
 Oh? 
  
 PUT THE RED DRIP 
 Tacos group 
 OK 
 We need orders :( 
 Sorry we dont have 
 WHY RU SO QUIEY 
 damn ireally thought he was girlypop 
 Uh 
 SPEAK UP. 
 | realised | have been playing this game for 3 yez 
 #### 
 @ 
 HWOE 
 This game is advertizing 
 nox 
bread. 
 Oh? 
 oh 
 lovely 
 yea oh 
 
 Can i have a vanilla muffin then? 
 oh! 
 ARE U SAD OR SMTH. 
 Oki amazing please take a seat you will receive ur or 
 sad abt what _ 
 Thanks 
 IDK?? 
 Thanks for coming 
 Siican 
I dont got dis 
  
 One second. 
 If this game an 
 That's a troller 
 okay x 
" Yeah, i figured.. "
 UHM 
 Just see what he says 
 | was just gonna see what he says  
 ssi 
 But th fam does 
 sexuality 
 what is it 
 how are you a kitchen leader? 
 Helicopter 
  
 Who's that? 
 Game 
 me small brain 
   
 what???? 
  
 earth to lisa? 
 deck 
 Large bubble tea and a strawberry popsicle 
 Its just a song  
N]:  | clicked the star that's in the left corner.  
 Please 
 okay! 
 On your screen. 
 | love tosing@ 
 Tho 
 yass girl 
 Type 
 get those grammys 
 You need 250 points to become a Kitchen Leader. 
 Oh one sec 
bruh 
 
 yes maam 
 Can | have. 
 With a training. 
 What is wrong? 
 UR STILL ALARDIN 
 ADDI 
 I will like strawberry 
 I'm an HR in human resources 
 nothing im joking x 
 Oh 
 _ 
| Wonderful! Is that everything you would like for 
 that sucks ## man. 
will appear in your inventory in a few minutes. Thank you f 
 Open lane! 
 STILL DRIPPY 
" Would you like to order, or no? "
 RIGHT 
treats/refreshing drinks take your fancy today? 
 kadyn x 
 Haha! 
 you don't gotta believe 
Off the printed menu.  
 | WANNA HOST A SHIFY. 
 HI 
 THE BEST 
 When willl get 
 THERE 
 __ 
 do you know what the menu 
  
 SO DRIPPU 
 DRIPPY 
 It is up above! 
 Haha! :D 
" Please step out of line, thank you! "
 Hello what would you like? 
 Click on the iPad to claim the stand 
 Yes pls. 
 I'm a woman of Color 
 ppl are prob leaving bc of the trollers. 
 Shes actually so ugly 
 hi 
 Open! 
 Keep on clicked it then u will see a customize and un 
 | would have a cinnamon roll 
" Okay, good to know. Please step aside. "
 There ya go _ 
 Mcfatty? 
 Yeah 
  
" No, she's gorge. "
 Stop lying 
 Omg free drink 
 yes 
" Okay, please be patient while | submit your order! "
Nolies here.  
 aand | will once again create an alt accoun  
 Read this! 
ahead. 
 Your order is now submitted! Enjoy! 
 help can anyonw tell me where is the job center i am 
today!  
 HI 
 YO. 
 Imma play mm2 
treats/refreshing drinks take your fancy today? 
 cya 
 | cant find it lol  
 cya lucy 
" A carrot cupcake covered in vanilla icing, and a larg "
 Wow 
 Which flavour? 
 WHERED SHE GO. 
 uhhh 
 Open lane! 
 ANNAAAA 
 The menu is above for assistance. 
here. 
 Oh 
 red velvet and oreo 
 okay then 
 U ordered gingerbread? 
 red velvet 
 Hello there. 
" Okay, please be patient while | submit your order! "
 manda o caf pra mim 
want water 
 !walkspeed_ 
inbow on  
today? @@|The menu is above|@ 
 Ofc. 
 negro 
 Your order is now submitted! Enjoy! 
 hello! can i get a cinnamon roll 
 omt 
trejoin 
 Oh! 
 nvm 
|: let me just order my coffee 
 Ofc! 
 Nice. 
want water please 
@ 
 HII! :) 
 Have a nice day! 
 We dont serve that. 
" wait, there's water here "
 yes 
 nevermind  
 HELLO! 
lello and welcome! What would you like today?  
 you can choose :D 
here. 
 Sure! 
 Wonderful! Would you like anything else 
 Sure! 
 can ihave your mommy? 
 Sounds good! One moment as i set up your order! 
eat then apply and come back 
 have a wonderful 
 Dont troll. 
 Stop trolling. 
hahahahahahhahahahahahahahahahahahahhahahahahaz 
 Hello!  
treats/refreshing drinks take your fancy today? 
inventory once the chef makes it. Have a splendid day!|| 
 Thank you. 
 You. 
 What can | get for you today? 
 HI 
 BRO. 
 what do you guys serve 
! Can I get a mango bubble tea! Thats i  
" Have a great day, bye! "
 Beanz  
 Menu is above for assistance. 
 Bye! 
 Ofc! 
 Hi 
 That's all. 
" Stop trolling, that's your last reminder.  "
 Its inappropriate. 
want a pretzel please 
 I cant. 
 !walkspeed 
 i want properly. 
Thank you! 
 Please may I have a pretzel and a regular strawb 
 What size? 
e208. 
 Wonderful! Would you like anything else: 
 Open! 
Regular!  
 Why ru. Noob 
 That'll be all! 
nd a vanilla milkshake  
" ""hello welcome to pastiez bakery what c "
 Ok! 
 tysm 
 Large or regular? 
 Done! 
" regular, please "
" Okay, please be patient while | submit your order! | "
 Have a nice day! 
 okay  
 ma'am 
 __ 
  
Noice! 
" ""yes ma'am one moment"" "
 type 
  
 wow 
 HI AGAIN 
 its good 
 no 
  s it not working? 
 alrighty 
 Your order is now submitted! Enjoy! 
" Remind me of the second item, please? "
 WONDERFUL 
 Yum. 
|: Do you want some. 
 NP 
 Anyways u get applying 
 Yes. 
 ilike your mommy 
 WHAT 
 Awkward. 
treats/refreshing drinks take your fancy today? 
here to serve you. Please do keep in mind that the order lim 
 CHAR! 
 These staffs need to lighten up a li 
 !walkspeed 
 ma'am  
 You cant be so strict all the time 
  
today!  
 Please may I get a Strawberry Limeaid Popsi 
: I'm new to chef  
 
 Sure! 
at the top of your screen if needed! @ 
  
 WHAT 
 but it says red velvet 
 Can | get a regular strawberry bubble tea? 
  
 Hello! 
 Do you need help? 
 Submitted! Coming right up. 
  
 yes  
to see you again soon! 
 Thanks! 
 Could I have a Large Peach Bubble Tea please? 
 !walkspeed 
 Open! 
 Oh my. 
will appear in your inventory in a few minutes. Thank you f 
here to serve you. Please do keep in mind that the order lim 
 You changed? 
 HELP THE VOLUME. 
 HAYDEN! 
 | WAS BORED OF THAT OUTFIY 
 HII. 
 #H 
 HELLO!!! 
QI the menu is above | 
 ___ 
 | believe bigfatsideye is the host! 
   
  
 Could I get a Large Banana Milkshake?  
 That's all!  
 | KNOW. 
lello and welcome! What would you like today? 
 Ofc! 
 WALY 
 Ope  
 Then select cupcakes then red velvet. 
 oh okay 
 May | please have a random item of your choice? 
think we stole Dan's spot. 
 Sure! 
  
 WIAT NO. 
 :0 
 All done! 
 Not that. 
" Have a great day, bye! "
 Have a nice day! 
 Woo. 
 Bye! 
 OK NEVERMIND. 
 Hello! Please may I get a Small Mocha with n 
 Emo dinosaur. 
 Youre welcome! 
 Oh It's you! 
 HI. 
 Im back tho 
will appear in your inventory in a few minutes. Thank you f 
 HELP. 
" Thank you, enjoy the shift~! "
I saw you at another place.  
 Hi tea 
 High Rank. 
 where 
" Uhh, hold on. "
 Delights. 
treats/refreshing drinks take your fancy today? 
at the top of your screen if needed! @ 
 Hi  Please can I have 3 items of your choice? :D 
May I get a Regular Strawberry Bubble Tea?  
 Whoops. 
 Sure!  
 Hello Laurgwn. 
 Bye. 
@ithe menu is above|@ 
 | don't know why mine is so big. 
 Hello Jesse. 
 Hello! Please may I get a Brownie? That woul 
 Could I get 2 items of your choice? That's all! 
 Sure thing! Will that be all today? 
trainbow on  
large strawberry bubble tea pls queen x  
 Hello Will. 
 Your order is now submitted! Enjoy! 
 Ofc! 
here. 
Please take a seat and have a good day! ~ 
 Hello Sub. 
 noince 
 . 
to see you again soon! 
 Yes. 
 @g | Wonderful! Is that everything you would like for 
 ty 
 Hi pink dino... 
treats/refreshing drinks take your fancy today? 
"an I get a Brownie, please? "
" Yes, thank you! "
will appear in your inventory in a few minutes. Thank you f 
 Flattens. 
 Have a nice day! 
 Ty 
Thanks! Enjoy the shift.  
 All done!  You're mystery order will be ready so 
" Okay, please be patient while | submit your order! "
 Fellow brit is here. 
 Hello! 
 Your order is now submitted! Enjoy! 
 There you go! have a nice day! 
 WhT can I get for you today? 
 WAS LIB HEDD 
 | love 
 What an outfit. 
's a Lil hard for me  
 Ofc! Is that all? 
 Flattens. 
 Open! 
 Yes. 
"just above you, the order limit is 3! ~ "
 Hi  
today!  
an I get a Large Strawberry Bubble Tea? 
 HI 
 | made my own recipe 
 Come onnnn 
 Yes sure! 
 Ok! All done have an amazing day! 
 who's doing shift 
here. 
an ihavbe a ratatouile?  
 Her 
 What happening 
lello and welcome! What would you like today? 
 Order from the menu. 
 Please order from our menu. 
 @g | Wonderful! Is that everything you would like for 
 There is a shift going on! 
  
 It is above if you need assistance! 
 where is the menu 
 Brifr 
will appear in your inventory in a few minutes. Thank you f 
 Sure! 
 Bro 
 Yes. 
 Kk 
 Am gonna  
 this is so slow 
 ican't see the menu where is it 
hank you! Enjoy the shift. 
 Bro am gonna break my hpone 
 It is above the cash registers! 
 Thanks! 
" Np!"" "
 Don't do that! 
 Why am | getting no orders @ 
 Why not 
 I'm eatING DINNER. 
mg u look so cute 
 Its cause theees a shift 
flying in air 
want pretzel and milkshake 
 I can just buy another one 
 What ru eating 
 Whats a shift?  
  
 Its like 
 Which flavour and size for the milkshake? 
 it is 
 When lots of people join to play games 
 how doi turn off lag 
 __ 
 lol 
 Theyre gonna start the games in a bit 
" But if you don't break it, you wouldn't have to! "
 !cape 
 ok | 
 U stole. 
 DID SHE?? 
 Mhm  
  
 What 
 my 200 laptop dont handle allat 
 Again 
 I think there too much admin 
 
 FOR WHAT@ 
 hi! i was just wondering where th  
 Your order is now submitted! Enjoy! 
 okay 
 Hi! It should be at the top of your screen. 
"sypassing , but honestly its not tl    "
 oh okay thank you! 
  
here. 
ave you never seen a cat inside a banana flying be 
 saat 
hy usobeuty 
 Could I get any 3 items of your choice? 
 can ihave your zap zap 
"hat's all""  "
 Please can I have anything of your choice? 
 !  
'm just too iconic 
 wait afk 
 Yes! 
 Be appropriate. 
 Why he should not 
" Thank you, enjoy the shift! <3 "
 Dou know whohe is 
 You too! 
hai chahiye 
 I have her friended c 
 You too! 
pyas lugi hai bahot bhen  
hanks icon xx 
 He is my target 
 Shes hasnt been here in a while 
see her play anymore 
 | forgot their username. 
 she doesnt play anymore 
 Yhh she dont 
 Probably cause of us 
 she left the group 
 Oh 
 Well sue deserved it 
 She 
 Stream say that he dont like him also 
 . 
ama mia  
: Everyone dont like him 
 PFP 
 All my group 
above for assistance! How may ihelp you today? 
  
 Of 293 persons 
  
 Hello! 
 ITS SO UGLY 
 huh? 
 Yeah 
 !walkspeed 
 yea 
 Whos this 
 Wonderful! Would you like anything else 
 Streak 
 Who do! not like? 
 Stream 
 
fhy u steak my hot air balloon?  
  
 Why there aren't any orders 
 Alejandro 
 HAHA 
 Yeah | dont forgot 
 | BROUGHT IT MYSELF 
" A Small Iced latte, please. "
" He's cool, what do you mean? "
 Why there's so much management? I've never seen s 
 i think its just going a little slow out there 
 Y U STILL ON ABT IT 
 Bro 
 Are u joking 
 u had one aswell 
 why u nota woman? 
" Can I get a brownie, please? "
 omg 
" Ooh, alright! Thanks for the answer #### ## "
 Stop lying 
 | bought The cupcake one and I go out and isee c 
 Hello. 
treats/refreshing drinks take your fancy today? 
 Its not that deep 
 people killing people dyin 
" Thats all, thank you! "
WSounds good! One moment as i set up your order! 
 Hi! Can I get a refresh? 
 this game has 42 ads 
 Yes! 
 and u care abt a hot air balloon 
 Thanks! 
I know that's too much late but congrats on promoy 
 no it's not 
 Youre making it a big deal when it isnt 
 Its literally a balloon 
 fr 
I'd like three random things 
 !walkspeed 
inventory once the chef makes it. Have a splendid day!|| 
stob being na 
 ALIEN9054 
" Okay, please be patient while | submit your order! "
 Thank you! 
 | AM BEING ACCUSED 
 PHEOBE 
 sass eeeantee 
  
 HI 
 OF STEALING SOMEONES BALLOON 
I cant say 
 Oh 
 Hit 
  
 Who like 
  
 | didnt even realise I have an order 
 What do you mean? 
 Your order is now submitted! Enjoy! 
 Hey. 
 Thx 
 Th hr 
Please don't call me that.  
 Wheres brownies 
 Have a good day! 
 Who think he cool 
 actually weird as 
 ##sassaata aaa etatiitt 
above for assistance! How may ihelp you today? 
 ? 
 Hi! Did the chef make the order wrong? 
 
"One second, please. "
want a answer    
 ur executive team are sociopaths lol 
 
 ok x 
d like a chocolate mikkshake  
HHAAAAAAEAAARAEA EAHA AEA RAE AERA 
Sure thing! What size? :D 
 Th hr 
 | apologize about that! 
 stop bein a tomato 
 pepper 
 Hey! 
 hi penguin x 
 Dont worry! :D 
 
 Cause 
 regular 
 ican return ####### 
 Oh interesting... 
: 
before I submit them? 
 ######HHHRHHHHHHHHEHARH HARARE 
 ##### IDIOT 
 no thanks 
  
day! 
 | am CHEF 
can make it again if youd like!  
would you like to order? (Menu on above.) 
 Oh no there mcfatty 
There we go! 
 Can 
My apologies btw! 
items of your choice? 
 cause | am spuper 
|: Ofc give me one moment! c:  
r slaying again today xx 
 HI ARCHIE 
 yes 
" Hi, Lisa! "
 Woo. 
'm trolling as much ca ihave ban 
uncomfortable! 
" iwant your mommy, "
" Wow, you're both Chefs. "
 Ola 
 plan 
"food, it will appear in your inventory. Thank you for choosin "
 Excuse me 
 Thank you! 
 Sure thing! 
 shush 
i banana cat xx  
 You shush 
 Suicidal subjects.  
just because I lost connection doesn't mean you cont 
  
| Wonderful! Is that everything you would like for 
 Oh 
 It was not really suicidal 
 It must of been in their inventory. 
 To get it 
like this region here 
No worries!  
Enjoy! 
 That'll be all. 
will appear in your inventory in a few minutes. Thank you f 
 it makes no sense 
 Nah 
 U still have 
 We're supervising. 
 Cause | ask 
hope your ok  
 theres so many people already supervising tho 
"}: A carrot cupcake covered in vanilla icing, please. 4   "
 how much does it lower ur chance 
 Wonderful! Would you like anything else: 
 IDK 
 ur literally standing there ######## ##### on Gor 
 Let's talk like npc 
 That'll be all thanks! 
 why you so bizarre 
 Sounds good! One moment as i set up your order! 
 strange ears 
 Hi penguin. 
 are you deformed or something 
 HELLO! 
 HiDan. 
  
inventory once the chef makes it. Have a splendid day!|| 
 :/ 
 If | say the reason thta | hate him and that he is ann 
 Hi alien9054._ 
 _ 
  
assist you on this wonderful day/night?@ (Menu is above m 
 Great. 
 Yes? 
 Is this work  
hen are the games 
 | am getting ready for my MR job. 
" That is your own opinion, they did not do anythi  "
" Be appropriate, please. "
 Soon! 
 Oh? Where? 
 That was alsssia 
 ok 
 Alessia 
 At pastriez bakery. 
  
 But now she cant b one 
 LOIRA BURR 
 u 
 #####eiiHttt 
 Oh? 
 Yeah 
: less than 15 mins  
 
 ##sisssiit 
 Now! 
!walkspeed 
 iwnat you 
 cauu 
 SANDRA!  
 ME 
 ## 
@ 
 ME 
 ## 
 Oh. 
 thanks 
" Lines, please. "
 ME 
" Hi, guys.  "
 ME AGAIN 
 No problem! 
 Hiya! 
before I submit them? 
 Good! 
 Fine! 
 
 nope 
 Great! 
wanna kill myself  
 what is going on here? 
 Good! 
  
 | NEED TO BE BOUGHT 
 Guess who? 
  
 Guess Who. 
 Guess who?! 
 Guess who! 
 FOR REAL! 
 ? 
 Look at those slaying legs 
 @ 
 BLINDCHICEKN WHERE ARE YOU? 
 Yayy 
 Be appropriate. 
 purr ur gorg queen 
 sorry 
" asked them, they didnt listen. "
 8 
 TRIVIA RLLY???? 
 SOMEONE BRING ME 
"""HELP CAN ANYONE GET ME THERE :( "
 ME 
 ayo 
 ME 
 wow 
 this makes me wanna #### ###### 
 
 ME! 
Devezxzy]:  sibs 
 my 
 see 
 ME!!! 
  
 
 Ng 
 ME!!!! 
 Mn. 
 Directors  
 oh 
 _ 
 ___ 
 Tags. | 
 Jeez man. 
 why is no on ehere 
 Tags. 
 Hm? 
They are playing minigames. :1  
 its directors 
 Hi alien9054. 
 Please go to the lines! :D 
 March! 
 March  
 where is it? 
 March. 
 oh i thought january actually. 
 March! 
 MAKE A LINE W ME. 
am the show here] 
 Thats for Ls 
 LISA 
 Please stand on it! :) 
he lights are on me 
 We arent Ls 
 BEHIND ME. 
 YES KADYN 
 Congrat: 
  
 What a pro 
 yes 
  
Thanks!  
im a bit back in time 
 ty listen 
 ### ###### are on me 
 okay nick x 
 
 Ill be back 
 . 
 Guest! 
am the boss 
Alittle too good. 
 Guest? 
Thope not.  
 Ugh NICK 
 Whats the point tho 
 #####HHRRHHHEH AEH E HEHE 
 I'm not really sure.  
  
 I'M TOO GOOD. 
 yeah | 
 what is this 
 Please. 
 Peel 
 But  's either Guest or Pastriez Peep then. 
 ohhhhh 
 yeah 
 Peep 
 Yes 
 wowwwwwwwww 
wanna kill myself 
 UGH 
 ohh 
 how | 
 Oh. 
 Sorry.. 
 #####HHHHHHHHEHHHHE 
" Line, please. "
 Oh ok. 
 Billie eilish is my queen she making me wanna di 
 #aseeeteatt 
 ### 
 O@ 
 find ure 
 Leah 
 Or 
 u one and only leah 
 2nd. 
 shrove tuesday. 
 | don't remember. 
 2 
  
 #4 
 the 19th 
 why 
 February 21st... 
 sii ase aH 
 ### 
 | swear its match 4 
 heart leah heart 
 Tue den 21 
Total guess. 
do we play this game 
 and 
: I'm not repeating myself again. 
 Lines. 
Feb 20th?  
 ok 
 Im guessing. 
 Why ru copying me 
 Thank you. 
 | said it first 
DEUTSCHLAND! 
 Sorry. 
 ARE U KIDDING? 
 Oh close. 
 WHAT  
DEUTSCHLAND! 
 Hey ######## hey Lisa 
 Congrats! 
 | swear its mRch4 
DEUTSCHLAND! 
 HI ANNA 
DEUTSCHLAND! 
 HI ANNAAA 
 HELP. 
 | got suspended from school 
 comes up on me screen 
  
 FOR WHAT 
I just answer in chat 
 Bit late there.  
 Fr 
 STO!  
 | WAS LOOKING AT SOMETHING. 
 @ 
 Apologies. 
 nice stream  
 its okay x 
" Be appropriate, please. "
 forgive and forget x 
  
 BUH 
 HUH 
 WHAT 
 Yeah Im in the school bathroom rn  
So | dont have much time  
 What happened tho 
 webaromance is innapropriate 
 _ 
 But | cant go to school tomorrow for a day 
 Or. 
7 
 WHAT 
 what kind of questions are these  
 YELLED WHAT 
was thinking of roygbiv @. 
 ROYGBIV. 
  
 ############H0HHHEHRHRHEHARH EAHA HHH 
 7.  
 my sister here  
 Ohh 
 Bye. 
 bye by 
 Loving the fit. 
 UGH. 
 What colour am I missing? 
 Oh.  
 fr 
  
 Yes. 
 @ 
 Lovely. 
 OH 
 you SHOULDNT have gotten the point. 
 Why the number after six 
 Help... 
 Cant u just put 7 
 7 
Indigo. 
" Red, orange, yellow, green, blue, purple? "
 !walkspeed 
DEUTSCHLAND! 
 the number after 6. 
rainbow om  
rainbow on 
  
 What was the question 
"{VIP}   A, El, 0, U. "
eiouandy 
   
 LEAVE ME BE. 
 Bruh 
 HAHA. 
" A, E, 1,0, U! "
 | wouldve won 
 sometimes y 
" J, F, R, T, G, B,N "
 _ 
 | feel targetted. 
 PLEASE. 
 FRR 
 So smart 
 | passed English anyway. 
 Ok! 
 NICK IS A VOWEL 
 No. 
" Stop please, go over to the lines. "
 Woah! 
 WHATS  
 WHAT ABOUT Y. 
 fr 
 dont ## #### 
 HAHAH. 
 Im gonna get emotional again. 
 ###### THE 2 BEST PPL HERE 
 LEWIS?? 
 ME AND LISA 
 HELP. 
 Not right now. 
  
 you re so smegsyyy 
Been a while!  
 itm bac babe 
Don;t do that.  
 sure has been 
 WHO IS ALIEN9054 
 NICK 
"Sood, you?  "
ban polano Max kicks. 
  
 Pneumonoultramicroscopicsilicovolcanocon 
SLAY  
 SUPERCALIFRAGILISTICEXPIALIDOCIOUS 
 Supercalifragilisticexpialidocious! 
 @ 
 pneumonoultramicroscopicsilicovolcanoconiosis 
: IDK HOW ITS SPELT  
 After kilometer expo gnome 
 People are definitely googling that. 
 Oh gosh. 
 | swear stream got it 
" You guys, | don't even know how to count to 5. "
 oh 
 NICK 
 Chester 
 So did. 
 Yes? 
 Lauren is s smart! 
 NEVER!  
 Lying booger. 
 pneumonoultramicroscopi  
 idontwanttogotoschoolnextweekitssoboringhelpm 
 | as 
 I'M SO SMART!! 
 LOL. 
 Oh. 
 HAHA.  
 What 
 what i tried so hard on that 
 watch 
 Oh? :(  
 U 
 P 
 E 
 More 
  
EARCH ON GOOGLE QUESTIONS 
 EXPIALI 
 DOCIOUS 
 No please no.  
 Oh?  
 Do scramble 
 iwant science 
 bombastic side eye 
 1 AM SO GOOD 
 Like what symbol represents Easter and stuff 
 Look what you started.. LOLL. 
 Yes! 
 No ur not 
 LOL. 
 AM 
" Lines, please. "
 !walkspeed  
 SPELL IT NOW 
 Spell what 
|OLD DNA  
 UH. 
ELP IDK 
 IT HOLDS DNA. 
 Can | have a hamburger? 
 Controls the cells activities 
 Controls the whole cell DNA. 
I had Bio last today. 
 IT DOESN'T DO ME. 
holds DNA! 
|: | THOUGHT ITS LIKE A WEAPONG WHAT  
|UCLEOUS OF WHAT  
his is why i only got ac smh 
 of earth 
  
 It controls. 
 ENGLISH AINT MY FIRST LANGUAGE 
 Laughing. 
 STORAGE  
 COPYCTAM 
 CLPYCAT 
 Looks. _ 
 REVISE!  
 | got it 
 Check our menu above to see what we have availa 
 Store the cells dna  
 The nucleus is so odd. 
 HUHHHH 
 U COPYCAT 
" Norah, PM me.  "
 But Ive seen them on your commer 
 | SAID NOTHING?! 
 Whats the motto 
 YAY. 
his game is making me realize of how dumb iactua 
 Close enough. 
 SLAY PEANUT  
 U ARE COPYCAT!!!!/!1H1H1Hitint  
 You must be mistaking us for someone else sit  
 Go peanut SLAYYY 
hanks queens xx 
 YEAH 
on the menu above you. Feel free to take your time!  | 
 OMG I CAN FINALLY WRITEEEEEEEEEEEEEEEEEEE | 
 Yum. 
 YES 
 Mua. 
 #### 
 Balloon. 
 hello 
 No. 
 CLOUDS 
 Sorry for the inconvinience! 
 Your age. 
" how much to buy a human,  "
STAIRS 
 bullet 
 fire 
  
 Balloon or a ge. 
 WHY DID I SAY THE SUN. 
there anything else you would like to select? 
 #8 
  
 OH ITS NOT A BALLON ANYMORE 
 Oh yeahh. 
 mhmmm 
 thats so weird 
 ANYWAYS. 
  
 | wasn't thinking. 
 hello 
inside. | 
 WOOO JESSE!! 
 whats a axge 
 No 
 oh. 
 Ujscramb 
 ### 
really said gravity  
 NO RLGL 
 U scar soo 
 STARS 
  
 Unscramble 
!walkspeed  
 We do not sell that here.. 
it tages with nox. 
 A towel 
foods. Have a blessed day!  
 But your a bakery @ 
 unfunny 
 Why dont you look at the menu above to see what 
:9 people are here 
 Woo! 
 GOOD GAME. 
 No.. 
 GG 
 Worst game 
 You're just jealous. 
 Best  
: If you want one you can join a game that requires  
 Worst. 
 Nah wait one of those garlic knots 
 So why u playing? 
 yess 
 Cause I want. 
 YAYY. 
Yess!  
 And if | haven't just woken up.  
his reminds me of 2020 
 Sure... 
 | DIDNT SAY THE SUN DIDI 
 We do not sell that. Apologies. 
 STOP. 
!walkspeed  
 # 
 HI 
Everyone just going here immediately.  
 HRUUU 
 LISA 
!walkspeed  
 oh my god 
 ###Httasiit 
 HI 
 #### 
 !walkspeed 
 Stares. 
 IMGOOD HBU 
 YEA 
with not cheese on the crust. 
 WHAT 
 ###HHHeHHHHES 
 This game is tricky. 
 Side eye. 
 Idk  
 NVM FORGET IT 
 Oops. 
 This is a bakery? 
 OK  
 | saw that 
 !walkspeed 
 U cheater 
 kadyn 
 Sir please read our menu to see what we have ava 
 that was underwhelming 
 Never say stop?- 
 What? 
 No I'm not. 
 | like your jacket? 
 are 
 Dan... 
 Huh? 
 BUT- 
 Nope. 
 yes 
 Never said sto}  
  
 Maybe it was some mega corporate c 
 'm confused  
hat was so funny. 
: It's paztries not dominos if you wanna be a clown 
 right. 
 I'm very confused.  
 Same- 
 Yeah Dan 
 We dont troll here 
 Nah ?m out 
 Ohh. 
 Bruh Im not trolling 
 They said Go. 
: The menu above you is what we have. 
 | see ur tactics mcf 
hat was a rather long time you took to stop.  
 Was not. 
 U too 
 Those in front didn't stop that early. 
 Sarina 
Phew.  
 Ok I'll have a shamrock shake. 
 U didnt stop soon enough 
 Side eye. 
 fr 
 | stopped as soon as it popped up 
Word.   
 Wtv 
 wait. 
 se cheat 
 HAH. 
 Dan 
 IMAGINE. 
 FOR REAL! 
 i hope she does  
eye  
 HAHA! 
  
 represent the slavic pride 
 Scotland flavor 
 because i failed in reading 
 Rage quit. 
 Shamrock 
 CHEATERS???? 
 WHAT HOW 
 mvaniac. 
  
 YOU GUYS STOP SO LATE. 
 | WAS SO FAR INFRONT U ALL ARE CHEATE! 
 My internet is acting up so bad. 
 @ 
I don't cheat.  
|: Don't argue.  
  
 I was right by you! 
 I'll have the cb de brownies. 
 NO. 
 Huh?  
 Okay 
 oh 
 
 Uhm 
 _ 
wait- 
that you would like to select on the menu above you? 
 HAHA. 
 YOUI WOULDNT. 
  
 You MOVED? 
 STOP 
 SUB GET NOAH.  
 my bad 
 | CANT BELIEVE THIS 
SAW YOU MOVE TOO.  
 Cheaters. 
 EXACTLY!22!2!2! 
 Afk 
 | AM SO SAD X 
 Rigged.  
 If you lie then a ghost will eat you at 3AM. 
 Jokes.  
 | am not lying! 
 Uhm? 
 Mmm. 
 Shut.  
just say the normal thing next time.  
 i just realized why does my face look 
 GET AWAY. 
 haha emmy 
  
 Me win! 
 HA. 
 No idea who that was. 
 Congrats! 
1 WON???  
 LEAH HI! 
 U CHEATED 
 HE! 
 Oh. 
 Lets not.. 
 hello penguin 
 AGAIN 
 Hi 
": Not for me, lol! "
 wheres the shift? 
 yes 
IWAS SLIGHTLY IN FRONT. 
: WOO! 
 Woo cc. 
 | don't know. 
 YEAH. 
 Yes. 
 Oh. 
 !walkspeed 
 Not having this. 
 LAUREN!  
Can you show us? 
 !walkspeed 
 HEHE. 
!walkspeed 
 kadyn cheat _ 
 !walkspeed 
Unname please.  
 SUNDAYMOJNDAY. 
 Guys get back 
 Hello! 
 
 HI 
 CHRZZZ 
 
ack or you're out.  
 
 Thank you! 
 i think she afk x 
 move 
 BBA K 
 OOPS -  
 Again. 
!walkspeed  
|: There all at airport 
 L{# 
 E 
 LET ME PLAYY 
 Hehe. 
 THAT WAS.  
  
 NO 
 NOT GOOD 
 ;D 
: can ijoin 
 YES 
"|: Okay, stand with the rest properly then. Only chance.  "
"ah, i shouldn't have started walking "
 ;) 
 wow 
 </3 
 Fatty your bae moved 
 Mcfatty... 
saw you.  
   
Guys.  
 U ALL LIARS!!!!)]1!)1.11 001000001011 
" Jeez, I can't even spell.  "
 | CANNOT BELIVE THIS. 
 No? 
just joined 
 Ima get u demoted! 
 Why are my lips sodown 
 yisitincaps 
 | dont know how to play? 
 Oh 
 what is their problem x 
 De 
  
 so scary 
: They never said stop.  
 Oh. 
 Yeah. 
 Green hashtags 
 we crying 
 They didnt say Green light. 
 Ohhh. 
 They said Go. 
 THE RED GUY 
 YOU STOPPED SO LATE. 
 Oops 
I think you moved. 
 Is it like simon says basically? 
 Are you Siri? Because you autocomplete me 
 NETWORK IS SO OUT. 
 so many people stopped late 
 EXCUSE. 
re you a camera? Because every time I look ; 
" Its Red light, Green light! "
 SANDRA. 
 thanks 
