"YT channel. Anything helps, thank you! "
YkNoah tipped @1 to Romka_1538 
 the one on my booth is my 2nd top donator | 
  
 thx 
 yep 
 THX 
 a. 
 hay man 
 100000000 robux 
 100000000 robux  
 Dont make sense  
 Dont make sense 
love]:  6  telling fortunes for a donati 
love]:  6Y  telling fortunes for a donation! 
 You should be having 100K+ 
 neymar 
-AHED]:  neymar 
 neymar 
 Yeah 
 \@aa 
clove]:  6Y  giving out fortunes right now! 
 IOL 
 oi 
" @OryxIl dropped @10,000 to @nrz_sparx!!   "
" @Oryxll dropped @10,000 to @nrz_sparx!! "
" @Oryxll dropped @ 10,000 to @nrz_sparx!! "
" @Oryxll dropped @10,000 to @nrz_sparx!! "
" @Oryxll dropped @10,000 to @nrz_Sparx!! "
" @Oryxll dropped @10,000 to @nrz_sparxl! "
 ok? 
 plz come 
 best cuts ever! 
 how do you put on robux amounts 
 Uh oh  
ove) 6Y  for a donation you can get a fortune! 
 LOL  
ie EaniilizPrxtotype) LOLS 
 brazil 
 brazil  
 brazil 
 i dont have rubox 
(# Fan]   i don't have rubox  
IBUrritoBrosyilp 
 imagine botting this game tho 
  
 plz donate to me 
 I. just asking 
ove) 6Y  giving out fortunes right now! 
(W Fan]   Our own official Mobeen BusinessMan 
(W Fan] (2>)<to'yoc). Our own official Mobeen BusinessMan 
Fan] (=> \0) 0) Our own official Mobeen BusinessMan 
Fan] (=) \0) 0 | Our own official Mobeen BusinessMan 
Fan] (=> \0)>- | Our own official Mobeen BusinessMan 
Fan] (=> \0) 0) Our own official Mobeen BusinessMan 
 
 Is right here 
 e catalog _ 
 fresh cuts (real) 
 u have nothing for sale iduiot 
ove) 6Y  giving out fortunes right now! 
(YkNoah]:  got any grapes 
"""YkNoah]:  got any grapes "
IBurnitoBros\is] ara 
 Hi  
"YT channel. Anything helps, thank you! "
 /catalog 
 can | have donate ples? sir 
 top quality hair cuts 
 if i had enough i would 
/YkNoah]:  if i had enough i would 
 i only have2 left 
| Fan]   why should i care about your channel 
"""> Fan]   why should i care about your channel "
ove) 6Y  giving out fortunes right now! 
 Idk  
 support ya local barber 
 :/ 
 how did you put robux amounts 
osc vec.) donate pli 
oo vo) donate pli 
 top quality cuts! 
_dull_dude]:  top quality cuts! 
 how  
| Fan]   make a gamepass 
(> Fan]   for your game 
 how  
 ########HHHHHHHHHHHH 
 howw  
 
 look it up lazy 
(> Fan]   look it up lazy 
ove. 6Y  giving out fortunes right now! 
donate plis  
(> Fan]   watch a tutorioul 
 yes  
yes 
 on ####### 
 come donwte 
ove) 6Y  giving out fortunes right now! 
 donate 59 get 100 
 ## 
iw Fan] 
 yes?  
 y  
 0  
 u  
 _  
 
 t  
 _  
 u  
 #  
 _  
 e  
 ?  
 _  
 hi  
'# Fan]   can | have a donation 
( Fan]   can | have a donation 
 exactlyyy 
  
faster 
 I'm afk 
 I'm afk  
 I'm afk 
" if you don't buy any, you got an edgar cut :skull: "
 can | have 50 rbx? 
(> Fan]   bigger head= bigger brain 
i Fan]  yes 
faster 
 k come 
faster 
 top quality hair cuts 
 | said first 
 Lsaidsfirsty 
 | said first 
 | hqve 1k rbx 
U5) come  
 | have 1k rbx 
 
 lies  
 | have O currently 
 prove it  
 just doubling if 
 a.  
 a. 
___ 
 lol 
(% Fan]   | don't know why it doesnt work 
faster 
 best barber ever 
| Fan]   u have O robux donated 
" @stormteam1234 dropped 10,000 to @umerus!  "
(> Fan]   should k wait or is it broken 
(# Fan]   should k wait or is it broken 
 | got 3k raised 
faster 
| Fan]   you will not donate anything 
" buy your cut! (bowl, fade, etc) "
_hil  
faster 
 __ 
 cam 
 no?   
 cap  
 __  
U5) come  
 imagine botting this game tho 
fw Fan]    
 k cme 
Fatima]:  hey german 
 hi 
  
 really?  
 see  
 imagine botting this game tho 
 | have 3k rbx lol 
 are u sure its not a scam? 
(Fatima): deutsch 
 pls donate 
Fatima]:  when you donate me 
 show me your robux donated 
_hil  
 Hi  
 kk 
| Fan]   that YOU have donated 
 buy a cut or be cursed with a bowl cut :skull: 
|. please come 
| please come 
|. please come 
please come 
<x). please 
ned the robux too my2 rubox pls 
ned the robux too my2 rubox pls. 
ned the robux too my2 rubox pls 
 
| Fan]   hey can! have a donation? 
 best barber in the universe 
MrChicken tipped 3 to BlurryEye101  
<_<): please 
<_x): please 
 pls  
 pis 
 pls donate 
  
<_x). please 
 done 
 236  
 ok ok  
oc) No duddi have 8 robux  
 best barber ever 
 hmnmmmm 
 hi  
iw Fan] 
(# Fan]   still dont trust 
( Fan]   still dont trust 
 
Fan]   hello  
 
 my frined give me 2.5k rbx 
 ___ 
 hi  
(Fatima): for 2 rubox 
 for 2 rubox 
 for 2rubox  
 get fresh cuts today!  
 get fresh cuts today! 
 LOL 
 what? 
(> Fan]   what? 
 you donate me first then i donate 
 you donate me first then i donate  
 you donate me first then i donate 
 hi 
(# Fan]   can you donate to me 
"""+ Fan]   can you donate to me "
 canyoudonatetome = 
 best barber ever  a 
 best barber ever 
 __ 
 real): hi 
 no you lie# 
 no YOUMIG# nn 
 no YQUMIC# 
 ye: 
Fen]   yea i can donate 1 
 yeaicandonatet = 
 can you donate to me I'm poor 
 omg 
 nvm 
 here 
 | have 205 
to move  
too lazy to move 
faster 
 would you like to sponsorme ? 
 ok fine  
 helo hazem 
 tysm  
 sorry  
 doubling rbx 
Is donateee 
 doubling rbx 
 
 doubling rbx 
 hazem 
_hil  
Fatima]:  for 2 rubox 
" buy your cut! (bowl, fade, etc) "
 doubling rbx 
| Fan]   can you dono to me also 
 hi  
 oh  
 oh 
 doubling rbx 
 hi  
| you are hazem 
 u real 
"""> Fan]   try a different stand maybe "
 best barber ever 
 u not trust me? 
 can u donate me ofc u say no 
 hi  
 wanna proofs 
 scam 
"""Fatima: can you pls dnate "
 yes  
| Fan]   we dont need 
 brb 
| please come 
 who aks u 
{) Haz3mn_Real tipped 2 to Hauntless  
 here pls. 
 ;  
Fatima]:  for 2 rubox pls 
 wanna proofs 
 yes  
 pls more 
(> Fan]   dont be rude to me 
 ### 
 pls  
 pls 
 pis 
  m sad 
 | get my friend tell u? 
Fatima]:  hello id onatet 
 ok  
future]:  canu donate pls 
have to rejoin 
minion tipped 10 to yoyolsamra  
"minion tipped) )10) to yoyolsamra, "
minion tipped) )10) to) yoyoisamra) 
(# Fan]   its not letting me donate 
 ohhh  
 ohhh 
BILAXE]:  1 dont have sorry 
-BILAXE]:  1 dont have sorry 
 get fresh cuts today! 
(> Fan]   can u dono | 
(@ Fan]   can u dono | 
 o  
  
 ey  
 Ok  
 come 
 50 can 
 hi  
 hi) 
 .. u fridn me why 
" if you don't buy any, you got an edgar cut :skull: "
minion tipped @10 to Sunshine  
 hi  
 wwit 
 tysm sir 
minion tipped @3 to Sunshine  
minion tipped) )3 to Sunshine) 
 
 omg tysssm. 
 can | have 50. 
faster 
 hi  
 hil 
 ok  
faster 
real tipped  2 to yoyolsamra  
 tysm  
 
 come  
iFatimai]: ); come: 
real tipped @5 to yoyolsamra  
 pie  
 omg hi 
 ohhhhhhhh 
 get fresh cuts today! 
 
 tyymmmm 
 pls  
 np  
PuCeMTZ/OIe =  
| Fan]   aaaaaaaaaa 
x_x tipped @2 to Fatima  
 ok  
 join what ijoin\\  
 hey  
 Se  
 imagine botting this game tho 
 
/Fatima]:  thank you so muchhhh 
( Fan]   do you have robux left? 
 nah 
 nah  
 ######RBRH 
  
(> Fan]   only have 128 
 support yalocal barber  
 i 
 Ti 
jing_here]:  yooo fridnd  
 andi  
 and i need like 372 more 
  
 472  
 _  
 i  
 why u made a noob skin 
 ___  
getting rbx 
Foltyn]:  getting rbx  
Foltyn]:  getting rbx.  
"getting rbx, "
 ok} 
 buy a cut or be cursed with a bowl cut :skull: 
 buy aycut or be cursed with a bowl cut :skull: tT 
 buy ajcut or be cursed with a bowl cut :skull: 
Foltyn]:  u nit trust  
Foltyn): u nit trust  
Foltyn): unit trust h with friends  
 your first##seee imade 
 your first ###### i made SU that rt 
 your fi  
 your first ###### i made 
rx]:  ae 
Px_x]:  Game  
iFoltyn] -T'done with he in main ####88# 
_ | F'done with he in main ######8 
 come wit me for 2 rounux 
(Fatima): come wit me for 2 rounux  
 come wit me for 2 rounux 
yo dont want k bye 
yo don't want k bye  
yo dont want k bye 
_____- yo don't want k bye 
 come 
a]:  come  
 come 
iFatimai; come: 
Fatima]:  here donatet pls 
 just 2?  
 just 2? 
can | have 18 rbx poes 
  
Fatima]:  no i want one pls donate 
# need ## can 
 i cant tok wiht u 
(Foltyn]:  18 can  
18 can 
 top quality cuts! 
 be u wil 
 be u will  
 be u will 
 bom will 
 
faster 
Foltyn]:  yay 
Foltynl: yay 
Foltyn]:  ujust? 
 Plz me 
 best barber ever 
 cam cam 
nah scammer 
Foltyn]:  nah scammer 
Foltyn]:  nah scammet 
Foltyn]:  nah scammer 
Foltyn]:  nah scammi 
Foltyn]:  nah scamm 
-Foltyn]:  nah Scammer 
 who 
 best barber in the universe 
"""Fatima]:  no i not scammer i 11 years old why im scammer "
 u will there 
 u will there: 
  
 ?  
 ? 
 how u got this stand 
" buy your cut! (bowl, fade, etc) "
 i know u will never donate me 
( Fan] 
(W Fan] 
( Fan] 
Fan] 
( Fan] 
(W Fan] 
 i know u will never donate me ve 
 get fresh cuts today! 
crazy  
crazy 
 
 and gets depessed 
/Haz3mn_Real]:  and gets depessed 
|Haz3mn_Real]:  and gets depessed 
/Haz3mn_Real]:  and gets depessed 
faster 
 depressed 
faster 
 over it 
 top quality hair cuts 
 top quality hair cuts  
 top quality hair cuts: 
 top quality hair cuts 
 top quality haircuts 
 top quality hair cuts 
 top quality haircuts 
 top quality hair cuts 
 a. |  
 a. | 
 Hi 
Musapro999xd]:  Can you donate me 
Visa 5)o5 55.0) Ean you donate me 
Musapro999xd]:  Can you donate me 
Vics 5)05 55.) Can you donate me 
Musapro999xd]:  Can you donate me 
Musso7o955%0) Can you donate me 
ss 5)055550) Can you donate me 
 get fresh cuts today! 
  
 Came _  
iMusapro999xdi)iGamers 
pls donate anything helps 
need 472 more robux to buy what i want  
 bye  
 best cuts ever! 
 AYO 
| Fan]   AYO 
faster 
Musapro999xd]:  Can you donate me 
| Fan]   the hell are you doing 
""" Fan]   the hell are you doing "
 imagine botting this game tho 
 crackers 
 top quality hair cuts 
 Hi  
 donate  
 now  
Musapro999xd]:  Can you donate me 
 holding you at gunpoint 
 plz robux 
 
: im boutta pull it 
| Fan]   dont make me 
 best barber in the universe 
| doit  
fv}: coiik 
 >:  
 Hi  
  
Fan]   1  
0005s or) you wont 
 _  
 kapow  
OWWWW 
 
 Pls donate me 
 SAD 
 Pls  
liv]:  @D  
| Fan]   ye i bet it hurts 
 dont it  
  
"""> Fan]   now donate or i shoot you again "
"""Y Fan]   now donate or i shoot you again "
"""> Fan]   now donate or i shoot you again "
 Fan]   now donate or i shoot you again 
 >:)  
 yo  
 imagine botting this game tho 
(> Fan]   can u donate me 
 ___  
(% Fan]   i know u say no 
 i know u say no 
" buy your cut! (bowl, fade, etc) "
 can you donate me 
 what ? 
vAnthony]: ) what 2) 
 imagine botting this game tho 
 yo  
o00Ca ye.) dono me 
 plis mi robox 
/ come 
 come  
Anthony]:  don't have 
Anthony): don't have 
 best cuts ever! 
dont have robox  
 melon  
 melon 
 one of yall tryna give me some guac? 
faster 
 buy a cut or be cursed with a bowl cut :skull: 
 buy a cut or be cursed with a bow! cut :skull: 
 yes  
(Ravy]:  can you donate me 
 can you donate me 
(GoodGemer|. your gayy 
Fan]   :)  
 :)  
 wowwww 
Anthony]:  cool head 
 yxle  
 hi  
 thanks  
;Ravy]:  can you donate me 
3mk_SubToMDKPoky]:  wann hear a joke for a donk 
(Sk Sub ToMD ke ok.) wann hear a joke for a donk 
(SS Toh > eo.) wann hear a joke for a donk 
SS Toh > 2 o6.) wann hear a joke for a donk 
  
 dono   
(Y Fan]   donate for a choccychip cookie 
( Fan]   donate for a choccychip cookie 
"""> Fan]   donate for a choccychip cookie "
 :)  
 best barber ever 
 ___ 
 alr  
 
  
 oh  
|: i get my pending next week 
 naw   
 naw  
 imagine botting this game tho 
 black  
 oh alr  
 wsp  
 in jail  
 haha  
 monkey 
 hi  
in his cage 
 haaaaaa 
 best cuts ever! 
(# Fan]   haaaaaaaa 
SunGccics>) could you donate me 
| could you donate me 
 | JUST SAID IM BROKE! 
 ok  
 wow  
 wow 
sebastian tipped @2 to 42k_vxbes  
 dayum 
 :0  
 hi  
 a.  
 yea lol  
 7  
| Fan]   what game you have? 
 hi  
Sunceccics>) could you donate 
" @Zeref_III dropped @ 10,000 to @darkwolf200745!! |  "
"""Anthony]:  cool crown "
 i dont even know 
 no  
 bruh  
  
 wdym  
al: Solcant 
 fym you dont know 
/ Fan]   fym you dont know 
 oh  
a]:  I dont got any 
|: 
>) =| I dont got any 
 
 some random as game went viral from bots pretty sure! 
 buy a cut or be cursed with a bowl cut :skull: 
(dull_dude]:  buy a cut or be cursed with a bowl cut :skull: 
 bots?  
(> Fan]   bruh how? 
 Hi  
(Ravy]:  can you donate me 
/Ravy]:  can you donate me 
 fresh cuts (real) 
Musapro999xd]:  Can you donate me 
Musaproo>>.4) Can you donate me 
 yo  
 what 
 what  
(> Fan]   wfijbhewovafskljnaimsdo 
(> Fan]   wfijbhewovafskljnaimsdo liom 
Sundmiddie89]:  could you donate me 
Sunoccics>\ could you donate me 
 NO  
 BYE  
ooo co\255). your outfit is so nice 
oo o\255). your outfit is so nice 
_-your outfit is so nice 
 support ya local barber 
(> Fan]   you really think so? 
| Fan]   you really think so? 
 yea  
 ide  
 ok  
 best cuts ever! 
 lol  
 me to  
Hadrian tipped (0)5\to real 
Hadrian tipped (0)5)tojreal) 
(% Fan]   yo sorry sorry  
 yo sorry sorry  
(% Fan]   yo sorry sorry 
 yo sorry sorry 
 yooooo 
 yooooo  
 Hi bro  
 hi  
Musapro999xd]:  Can you donate me  
 hi  
 pls me goo  
 pls me goo 
 pls me goo  
 pls me goo 
 too  
 too 
 ur a knockk off 
Hadrian tipped  15 to Patricia  
 come 
 2  
 Tysm.  
 hi  
| Fan]   wait what  
(> Fan]   wait what  
/ Fan]   wait what  
"""> Fan]   why you donate 15 to her "
""" Fan]   why you donate 15 to her "
Hadrian tipped  2 to Superpowerfulman  
/:  
  
 yaya 
 huhh  
 huhh 
 tysm 
Suncscccs>) ok give me pls I really need 
 thanka _ 
( Fan]   lucky btc 
(W Fan]   lucky btc 
 thank u 
 jk jk  
 Wdym 
 fresh cuts (real) 
 Thank you 
552745) 10.000 robux? 
55 e745) 10.000 robux?  
 pls come 
 hes a bot 
Hadrian|tipped 0)5|/to) bradydabest2109) 
 best barber in the universe 
 best barber in the universe  
 best barber in the universe 
 
have that sword too  
 
Hadrian tipped )5 to ultimate  
Hadrian tipped 5 to ultimate  
Hadrian|tipped )5|to ultimate 
" buy your cut! (bowl, fade, etc) "
| Fan]   those swords 
  
have them  
Superpowerfulman tipped) )5 to frank 
 
 Thank you 
frank]:  Thank you 
 look  
 look 
 
 pls Srb 
Hadrian|tipped 0)2)/to)GigaChad) 
Hadrian tipped @2 to GigaChad  
 top quality cuts! 
 |  
 Please donate! 
| Fan]   so generous 
|W Fan]   so generous 
(> Fan]   so generous 
|W Fan]   so generous 
Hadrian|tipped 0)5)/to Joni561 
Hadrian|tipped )5)/to Joni561 
 best cuts ever! 
 see  
Hadrian tipped @5 to Sundmiddle89  
| Fan]   i have those swords 
have those swords  
Hadrian|tipped (0)25 to dullidude: 
Zizzy132 tipped) )5 to Craftrangerblue321 
 Going afk until 1K 
 top quality hair cuts 
 wow  
) tysm)  
tysm 
Hadrian tipped 0)5)to/real) 
Hadrian tipped (0)5)to/real) 
Hadrian tipped 0)5)to/real) 
 get fresh cuts today! 
(% Fan]   thank you so much! 
Hadrian|tipped )2\to |p/Pennsylvania) 
Hadrian|tipped )2\to) |p|Pennsylvania} 
Hadrian|tipped )2)to) |p/Pennsylvania} 
Hadrian|tipped )2\to) |p|Pennsylvania} 
 ez 1 robux 
ez 1 robux  
 ez 1 robux  
 ez 1 robux 
 ezTrobux 
 how did you get the sine on the stand 
 buy a cut or be cursed with a bowl cut :skull: 
 buy a cut or be cursed with a bowl cut :skull:  
 buy a cut or be cursed with a bowl cut :skull: 
-dull_dudej]; buy a cut or be cursed with a Bowl cut :skull: N 
(dull_dudei]s buy a cut or be cursed) With abow! cut :skull: 
(dull_dwdeljs buy a cut or be cursed) With abow! cut :skull: 
 buy a cut or be cursed With a bowljeutskull: 
 buy a cut or be cursed With a bowl cut :ski  
 buy a cut or be cursed With a bowl cut :skt  
 buy a cut or be cursed with a bowl cut :skull: 
 sup  
  
igirlgrace25631]:   
 sup  
  
fvemmpys 
 ty  
 ty 
 wow  
 _  
can you donate for me 
vamp tipped 50 to girlgrace25631  
" 1,273   "
" 1,273  "
 yea ive tried 
 buy a cut or be cursed with a bowl cut :skull: 
igirlgrace25631]: \tysm  
 5?  
 __  
| Fan]   very generous 
""" Fan]   very generous "
Lucy tipped O)10)to)  
 #########RR 
_ you are welcome 
 Yay  
 can u dono 10 
a]:  Can u donate me :) 
 buy a cut or be cursed with a bowl cut :skull: 
 Fo  
| sent myself to ohio 
hey  
a]:  Oh ok wheres your stand 
>5+- 5) Oh ok wheres your stand 
 __ 
 imagine botting this game tho 
 4? 
 42 
 U ARE A BOT 
Patricia tipped  1@@iMadrian 
Patricia tipped  (RM adrian 
 oh ty 
 my? 
Fan] 
" if you dont buy any, you got an edgar cut :skull: "
(> Fan]   that guy is a bot -  
jilboylikev tipped 10 to I) Kymonitheg  
jilboylikev tipped 10 to 
PRestive_void YT]:  Ik 
So many 
 So many  
So many 
iRestive voidyl]:  Hey  
 Hey  
Hey 
 imagine botting this game tho 
jilboylikev tipped 6 to I) Kymonitheg  
 _  
Do you want to be ina vid 
hey boy | 
 ok   
(restive_weich/1iz  
\  
 2 
 1  
 best cuts ever! 
\ Hello.  
\Hello.  
plz donate me 
 Yt   
Yt 
 Hil yt  
 how did you get the sine on the stand 
_Briter245]:  how did you get the sine on the stand 
|Briter245]:  how did you get the sine on the stand 
_Briter245]:  how did you get the sine on the stand 
|Briter245]:  how did you get the sine on the stand 
 how did you get the sine on the stand 
 get fresh cuts today! 
WON'T STOP SPAMMING UNTIL SOMEONE 
 no pls  
ills donate me 
WON'T STOP SPAMMING UNTIL SOMEONE 
Fan]   __  
 best barber in the universe 
WON'T STOP SPAMMING UNTIL SOMEONE 
| will be typing 
WON'T STOP SPAMMING UNTIL SOMEONE 
 Wii  
WON'T STOP SPAMMING UNTIL SOMEONE 
Lucy tipped 1 to Znuts  
WON'T STOP SPAMMING UNTIL SOMEONE 
(Y% Fan]   ruining vid 
WON'T STOP SPAMMING UNTIL SOMEONE 
 stop  
 get fresh cuts today! 
Anthony]:  the most disgusting way to ### ##### 
someone donate already 
WON'T STOP SPAMMING UNTIL SOMEONE 
  
(# Fan]   STOP SPAMMING 
 tol  
WON'T STOP SPAMMING UNTIL SOMEONE 
 fresh cuts (real) 
WON'T STOP SPAMMING UNTIL SOMEONE 
 Lol  
oc) uhave a lot im broke lol 
(> Fan]   anyways 
 Ye  
WON'T STOP SPAMMING UNTIL SOMEONE 
 block xnuts 
WON'T STOP SPAMMING UNTIL SOMEONE 
 That will stop them from spamming 
The festive_void - 
 support ya local barber 
WON'T STOP SPAMMING UNTIL SOMEONE 
_monkey3d111}: i will donate 
WON'T STOP SPAMMING UNTIL SOMEONE 
 Alr  
 just stop 
WON'T STOP SPAMMING UNTIL SOMEONE 
 
( Fan]   you have 7 subs now 
monkey3d111 tipped @1 to Znuts  
iFestive voidYi)]:  Yay Ty  
 Yay Ty  
 __  
Znuts): mmm  
Afafsama tipped 910 to 123lilliana321  
Znuts]:  thanks 
 best cuts ever! 
WON'T STOP SPAMMING UNTIL SOMEONE 
Afafsama tipped @5 to 123lilliana321) 
 AFK UNTIL 1K  
WON'T STOP SPAMMING UNTIL SOMEONE 
WON'T STOP SPAMMING UNTIL SOMEONE NS UNTIL 
WON'T STOP SPAMMING UNTIL SOMEONE 
WON'T STOP SPAMMING UNTIL SOMEONE  
WON'T STOP SPAMMING'UNTIL SOMEONE  
WON'T STOP SPAMMING UNTIL SOMEONE 
_monkey3d111]:  mani donate to you so stop 
WON'T STOPSPAMMING UNTIL SOMEONE 
WON'T STOP SPAMMING UNTIL SOMEONE 
 a. 
rAnthony]:  shut the he'll up 
WON'T STOP SPAMMING UNTIL SOMEONE 
Festge_Vo\dYT]:  | want to but I have O~ ma 
WON'T STOP SPAMMING UNTIL SOMEONE 
WONT SEOP-SPAMMING UNTIL SOMEONE 
WON'T STOP SPAMMING UNTIL SOMEONE 
WON'T STOP. SPAMMING UNTIL SOMEONE 
WON'T STOP SPAMMING UNTIL SOMEONE  
WON'T STOP SPAMMING UNTIL SOMEONE 
STOP SPAMMING UNTIL SOMEONE 
WON'T STOP SPAMMING UNTIL SOMEONE 
WON'T STOP SPAMMI ING UNTIL SOMEONE __.  | 
WON'T STOP SPAMMING UNTIL SOMEONE 
 best barber ever  
 yes  
WON'T STOP SPAMMING UNTIL SOMEONE 
WORK  
WON'T STOP SPAMMING UNTIL SOMEONE 
 5?  
WON'T STOP SPAMMING UNTIL SOMEONE 
 3?  
WON'T STOP SPAMMING UNTIL SOMEONE 
 
if i donate u hav to leave 
WON'T STOP SPAMMING UNTIL SOMEONE 
 buy a cut or be cursed with a bowl cut :skull: 
WON'T STOP SPAMMING UNTIL SOMEONE 
JaiML tipped 1to Znuts  
WON'T STOP SPAMMING UNTIL SOMEONE 
 oh  
WON'T STOP SPAMMING UNTIL SOMEONE 
 ####  
"(> Fan]   im saving up for 4,600 "
Afafsama tipped 10 to Ikapz  
WON'T STOP SPAMMING UNTIL SOMEONE 
 he scamer 
 #### 
 # ###  
 Np 
  
 u ga  
  
 y  
WON'T STOP SPAMMING UNTIL SOMEONE 
 you can donate me is my bday:) 
 top quality cuts! 
1 got 80 np on my booth 
000  
iFRestive voidYl]:   
 Oops  
 follow me 
Anthony]:  yes he stopped 
WON'T STOP SPAMMING UNTIL SOMEONE 
 ___  
 nvm  
WON'T STOP SPAMMING UNTIL SOMEONE 
 best barber ever 
WON'T STOP SPAMMING UNTIL SOMEONE 
| got 80 on my booth 
WON'T STOP SPAMMING UNTIL SOMEONE 
1 will get 60 in a week 
WON'T STOP SPAMMING UNTIL SOMEONE 
 Add me  
WON'T STOP SPAMMING UNTIL SOMEONE 
 | would be happy if someone did! 
WON'T STOP SPAMMING UNTIL SOMEONE 
 you can donate me is my bday:) 
WON'T STOP SPAMMING UNTIL SOMEONE 
 ok  
 thanks  
bananabread9072 tipped 5 to Astro  
 Wa Ihbiil 
WON'T STOP SPAMMING UNTIL SOMEONE 
 follow me  
 .  
 Ta mal mk hbil 
 5?  
 1  
WON'T STOP SPAMMING UNTIL SOMEONE 
 you can donate me is my bday:) 
guy  
guy 
Anthony]:  dear spammer 
WON'T STOP SPAMMING UNTIL SOMEONE 
 pis stop 
WON'T STOP SPAMMING UNTIL SOMEONE 
Anthony]:  it's annoying 
WON'T STOP SPAMMING UNTIL SOMEONE 
" buy your cut! (bowl, fade, etc) "
WON'T STOP SPAMMING UNTIL SOMEONE 
WON'T STOP SPAMMING UNTIL SOMEONE  - 
WON'T STOP SPAMMING UNTIL SOMEONE 
 hi  
WON'T STOP SPAMMING UNTIL SOMEONE 
 .  
  
 SCAMMER AND STOP SPAMMING 
( Fan]   SCAMMER AND STOP SPAMMING 
 you can donate me is my bday 
 fresh cuts (real) 
WON'T STOP SPAMMING UNTIL SOMEONE 
 Ktb f chat ## baghi tghol 
 afk  
sorry I'm broke 
 3?  
WON'T STOP SPAMMING UNTIL SOMEONE 
 ok  
  
TasteTheRainbow): Shut up Znuts 
WON'T STOP SPAMMING UNTIL SOMEONE 
TasteTheRainbow]:  This is the reason you arent donated 
 a.  
WON'T STOP SPAMMING UNTIL SOMEONE 
 you can donate me is my bday 
WON'T STOP SPAMMING UNTIL SOMEONE 
 m3rftch azbi kfch 
WON'T STOP SPAMMING UNTIL SOMEONE 
 Shut up 
are you a BOT 
WON'T STOP SPAMMING UNTIL SOMEONE 
 back  
WON'T STOP SPAMMING UNTIL SOMEONE 
 follow me  
WON'T STOP SPAMMING UNTIL SOMEONE 
 best cuts ever! 
TasteTheRainbow): You selfish mole rat 
WON'T STOP SPAMMING UNTIL SOMEONE 
 ok ~ASN  
TasteTheRainbow]:  | gave you 1 robux 
 BOT  
WON'T STOP SPAMMING UNTIL SOMEONE 
  
WON'T STOP SPAMMING UNTIL SOMEONE 
 5?  
 4?  
WON'T STOP SPAMMING UNTIL SOMEONE 
 To who  
WON'T STOP SPAMMING UNTIL SOMEONE 
HE SAID YOUR NAME 
 fresh cuts (real) 
 me?  
WON'T STOP SPAMMING UNTIL SOMEONE 
 plsssss  
WON'T STOP SPAMMING UNTIL SOMEONE 
  
WON'T STOP SPAMMING UNTIL SOMEONE 
 um  
 followe 
 SHUT UP. 
  
 follow me 
WON'T STOP SPAMMING UNTIL SOMEONE 
| Fan]   its just a coincidence my name is real 
 top quality hair cuts 
 hi  
WON'T STOP SPAMMING UNTIL SOMEONE 
 he says the same things over and over again 
 Well sorry 
WON'T STOP SPAMMING UNTIL SOMEONE 
 top quality hair cuts 
WON'T STOP SPAMMING UNTIL SOMEONE 
 follow me 
WON'T STOP SPAMMING UNTIL SOMEONE 
  
WON'T STOP SPAMMING UNTIL SOMEONE 
 Ok 
WON'T STOP SPAMMING UNTIL SOMEONE 
 5?  
WON'T STOP SPAMMING UNTIL SOMEONE 
 Huh  
WON'T STOP SPAMMING UNTIL SOMEONE 
 you can donate me is my bday 
(> Fan]   no back accesorie fits me 
WON'T STOP SPAMMING UNTIL SOMEONE 
 But I only have 76 
 fresh cuts (real) 
WON'T STOP SPAMMING UNTIL SOMEONE 
| Fan]   5 bobux pla 
 pls  
WON'T STOP SPAMMING UNTIL SOMEONE 
 pls donate me is my bday plsss 
WON'T STOP SPAMMING UNTIL SOMEONE 
 K  
WON'T STOP SPAMMING UNTIL SOMEONE 
Im going to work on a better avatar 
Buttercup tipped @3 to Ikapz  
WON'T STOP SPAMMING UNTIL SOMEONE 
 ok  
" if you dont buy any, you got an edgar cut :skull: "
WON'T STOP SPAMMING UNTIL SOMEONE 
 follow me 
WON'T STOP SPAMMING UNTIL SOMEONE 
 FOR A SKIN 
WON'T STOP SPAMMING UNTIL SOMEONE 
 hey  
WON'T STOP SPAMMING UNTIL SOMEONE 
 npuBeT 
 you can donate me is my bday 
WON'T STOP SPAMMING UNTIL SOMEONE 
 follow me 
WON'T STOP SPAMMING UNTIL SOMEONE 
 | need to be on my stand 
WON'T STOP SPAMMING UNTIL SOMEONE 
 Only 5 
 Only 5  
WON'T STOP SPAMMING UNTIL SOMEONE 
 | HAVE 0 RBX 
WON'T STOP SPAMMING UNTIL SOMEONE 
 get fresh cuts today! 
WON'T STOP SPAMMING UNTIL SOMEONE 
 my robux is pending 
WON'T STOP SPAMMING UNTIL SOMEONE 
 come pls  
WON'T STOP SPAMMING UNTIL SOMEONE 
 you can donate me is my bday 
 Sorry  
WON'T STOP SPAMMING UNTIL SOMEONE 
 follow me plssss 
 buy a cut or be cursed with a bowl cut :skull: 
WON'T STOP SPAMMING UNTIL SOMEONE 
 If some  
WON'T STOP SPAMMING UNTIL SOMEONE 
 One  
WON'T STOP SPAMMING UNTIL SOMEONE 
 ok  
WON'T STOP SPAMMING UNTIL SOMEONE 
 yes?  
( Fan]   help me reach 7k 
WON'T STOP SPAMMING UNTIL SOMEONE 
 a.  
WON'T STOP SPAMMING UNTIL SOMEONE 
 you can donate me is my bday 
" Anthony 2401 dropped 10,000 to @Prehstun!! "
real tipped) )3 to JaiME 
 
 you can donate me is my bday 
 np  
 here is the magictrik 
 follow me 
 pls rbx  
(Anik]: | Hello) 
 Pls donate anything helps 
" @JaCoB_IdKk dropped @10,000 to @Bebis164!! "
 __  
(> Fan]   what the heck 
"""> Fan]   what the heck "
 Fan]   what the heck 
 __  
 lol how  
| Its my birthday today can you please donate me 
><). Its my birthday today can you please donate me 
 you can donate me is my #### 
 
 bday 
 yes  
 follow me 
 hello 
 best barber in the universe 
( Fan]   hold jump then press q 
 donate me pls 5 rbx_ 
 donate me pls 5 rbx 
 
 Pls donate anything helps 
(% Fan]   it should flip screen 
(> Fan]   it should flip screen 
 yea  
 it did  
| Fan]   woaaaaah 
 best barber in the universe 
 this is trippy 
/Anik]:  Hello  
/Anik]:  Hello 
 hi  
 reset when u upside down 
""" Fan]   reset when u upside down "
 imagine botting this game tho 
 
 you can donate me is my bday 
 
 Please donate anything helps 
Buttercup]:  Please donate anything helps 
Buttercup]:  Plsss donate anything helps 
| Fan]   Donate me and I'll tell you a Joke! 
 follow me 
"""> Fan]   then hold ctrl z and # at the same time "
|} Fan]   then hold ctrl z and # at the same time 
| Fan]   then hold ctrl z and # at the same time 
"""> Fan]   then hold ctrl z and # at the same time "
 x  
@skylerO52807!! |  
@skylerO52807!! | 
 get fresh cuts today! 
 the move 
 you can dinate 
" buy your cut! (bowl, fade, etc) "
Blueraspberry2004 tipped 5 to NicoPYT  
@MinkeyEarHole!!  
(> Fan]   its too hard 
Fan]   tysm  
_o | Shnon 
_ Shnon 
 follow me plsss 
 Here's the joke  
 Here's the joke 
| Fan]   but just keep trying and it will work 
 WOAH 
 u got it  
+) Its my birthday today can you donate me 
Anthony]:  come get therapy 
 follow me | 
 follow me  
 Pls donate anything helps 
AverageNarrator tipped 10 to JaiML  
 ok  
 Alr  
 follow me 
i Fan] pls dono 
 Huh |  
 u welcome 
 __  
 Eore  
iFestive: voidY 1]:  How  
 How  
 u welcome 
 its a trick 
| Fan]   It wanted to be brighter 
 a.  
 real  
 real 
 Pls donate anything helps 
 follow me 
@  
|Blueraspberry2004): Im a Wubboxe 
 'm/a Wubboxe 
  
Sorry yt | was afk 
( Fan]   Also tysm for donation 
 buy a cut or be cursed with a bowl cut :skull: 
>| what  
+>). Can you donate me its my birthday today 
 it's my birthday 
 Plsssss donate anything helps 
"""Anthony]:  no I will not donate "
 pls do o  
Blueraspberry2004 tipped @1 to NicoPYT  
Blueraspberry2004 tipped) )1\to NicoPYT. 
 ty 
 ty  
( Fan]   follow me real 
  
 
 stop cappin bro 
 ok  
 support ya local barber 
@) L-  
@XxAesthetic_DevilxX!!  
"""# Fan]   Here's another Joke ik "
0) Hello 
 Hi  
 pls3  
  
 top quality cuts! 
"""Anthony]:  no I will not donate "
 and hi 
 you can donate me is my bday 
 its my birthday 
 Whatever 
/Buttercup]:  Whatever 
_-5<\. Messi the goat 
 lololl  
" @RoninXwar dropped 10,000 to @Aryuseii!! "
  
(> Fan]   ## ##### #888 
 hi  
(> Fan]   wsp man 
  
 its my birthday 
 ## ##### #### up 
( Fan]   ## ##### #### up 
Fan]   ## ##### #### up 
 __  
_+<) Can you donate me its my birthday 
 Here's another one 
 and?  
 omg  
 LOL  
 LOL 
"""Anthony]:  how amazing it's the birthday of half the server "
 this is so sik lol 
 best barber ever 
  
 7  
+>) Anything helps 
 Plsss donate anything helps 
 Plsss donate anything helps | 
/Buttercup]:  Plsss donate anything helps 
Buttercup]:  Plsss donate anything helps 
 its my birthday 
(> Fan]   this is so cool 
| Fan]   this is so cool 
 a.  
 you can donate me is my bday 
 ikr  
_-><\ Here is my stand pls 
___ Here is my stand pls 
Buttercup]:  Plsss donate anything helps 
 its my birthday 
 can u add me? 
Anthony]:  no its not 
 no its not 
 imagine botting this game tho 
 Eore hi 
 pls donate me is my bday 
Anyways  
Anthony]:  no it's not 
Anthony]:  no its not 
 are you a messi fan 
 yes 
  
CODIGO GRATIS. 
 Pls donate anything helps 
 good 
 Me to 
 Me to  
 Me to 
OH GOD 
 are you a barcelona fan 
1 SRRYYT 
 yes 
|W IN AUGUST BUT | DONT LIE 
0) ##BBBE 
 good:) 
| Fan]   Donate and I'll tell you a Joke! 
0 | ####BRHRRBREA 
(Anik): ########8R##e 
 
 you can donate me is my bday 
 best barber in the universe 
 mine to  
 how dou swim 
 Plsss donate anything helps 
 hahaha good :) 
 look it up on yt 
/hil  
 hi  
 alr  
: its a magic trick  
| Fan]   for pls donate 
OW} Fan] 6c ooo oo.) sou said for me to follow u 
 we're twins 
 ya  
 Pls donate anything helps 
  
 ctrl+z+x  
 ight  
 hahaha 
 
iyioy_-o500) Can you donate me? 
 if you donate me 5 robux ii spin 5x faster | 
 fresh cuts (real) 
(> Fan]   Who can donate some to me? 
 i dont speak good english 
  
 real  
 come  
 come 
 Plsss donate anything helps 
 real follow me 
 can you help me buy my dream item? 
 best cuts ever!  
iMyfavesanaal:) hil  
 hil  
 is my bday pls donate me 
"Anthony]:  lier, stop lying "
 
 1 robux equals ohio spin 
 Hi pls 2robux 
 Hello  
 hi  
 hi 
  
 ___  
"toy 50555), BRUH do you speak english ? "
if you donate  
 its my birthday 
 ill fly  
 ill fly 
 Hi  
 
 follow me real 
 spinning is the goal of life -Albert Einstein | 
 buy a cut or be cursed with a bowl cut :skull: 
Anthony]:  MITTENS PLS DONT KILL ME IN CHESS 
 oh  
 ok 
 hil  
 ___  
{System} Your friend hussaini1155 has joined the experience. 
 hi 
 Lol  
  
 _  
 lfm back  
 ? 
 10robux 
Anthony]:  no it s not 
 pls dono 
| 
 ok 
Anthony]:  its not ur birthday 
 pls real pls 
 yes it is  
 im finally here 
Bc of my storage 
 ?  
 what/? 
 Hi  
 YAS! 
 ok 
 best cuts ever! 
 Pls  
 what?  
Anthony]:  ur lying like half the server 
 come  
 ? 
 10robux 
Do you want to be on yt 
  
 1 robux equals +1 spinning speed 
 nah  
 nah 
Oh sorry | got 0 : 
 hi  
 hil  
 pls is my bday 
 utoo  
Buttercup]:  Plsss donate anything helps 
faster! 
 ######HHRHHHRRHHAA 
Anthony]:  utlr lying just to ### ####8 
 pls real pls is my bday 
 ight  
 best barber in the universe 
 i love spinning 
(> Fan]   how do iknow 
  
| Fan]   ask someone else 
/Buttercup]:  Plsss donate anything helps 
 Plsss donate anything helps 
"\viquzz dropped  10,000 to @vTrueDesires!! "
 but  
 W messi shirt 
  
 spinning is the goal of life -Albert Einstein | 
 hi  
 ___  
  
 its my birthday 
 can donateme: 
 Can you donate some to me? 
( Fan]   you buy them from the avatar shop 
 Plsss donate anything helps 
Buttercup]:  Plsss donate anything helps 
 pls dono 
  
 can you help me buy my dream item? 
 Hey man 
 buy a cut or be cursed with a bowl cut :skull: 
 ___  
 __  
  
 I'll give you a tip 
(W% Fan]   I'll give you a tip 
(> Fan]   I'll give you a tip 
 its my birthday 
 my robux is pending real 
 _ 
 1R$ = 1 JUMP 
 spinning faster for robux 
  
 pls dono  
 pls dono ~ 
 pls dono  
 pls dono ~ 
""" Fan]   Jumping for donations! "
""" Fan]   No, | meana tip advice "
 
(Lil_Jojo]:  Your donation will be much appreciated. 
 Your donation will be much appreciated. 
 best barber ever 
 Plsss donate anything helps 
"""2_alixa]:  | don't have any rubox  "
 1R$ = 1 JUMP 
faster! 
 1R$ = 1 jump 
00 6) o050) If U Donate To Me III Triple The Amount! 
 :/  
 1R$ = 1 JUMP 
 follow me 
  
 2 bots  
 Your donation will be much appreciated. 
F606) 6 0050). Tripling your donations!! 
| Fan]   Jumping for donations! 
 hi  
  
 me  
_2_alixa]:  | have skeleton hand 
| Fan]   Jumping for donations! 
006) o050) If U Donate To Me III Triple The Amount! 
006) 5050) If U Donate To Me III Triple The Amount! 
 pls dono come 
_2_alixa]:  pls donate me 
"dreams, the cost is 500. Help me even a little Robex. "
 Small donations are more than enough <3 
 Please  
00 600-0) Just Trying To Make Peoples Day! 
Just Trying To Make Peoples Day! 
  
00.6) 600-0). Tripling your donations! 
:Tripling your donations!! 
 Your donation will be much appreciated. 
 ok  
_jumpingforbobox]:  Jumping for donations! 
)00\6 0050). Tripling your donations!! 
@ExoticTraderMM2!!  
 fresh cuts (real) 
 
 hi  
0965 4005). Donate To Have Ur Robux Tripled! 
6096) 4005). Donate To Have Ur Robux Tripled! 
  
 Plsss donate anything helps | will do anything 
 scam  
 Small donations are more than enough <3 
 pls dono 
og 6) Goose). Tripling Ur Robux!! 
 Hi  
 1R$ = 1 jump 
 fresh cuts (real) 
 Just Trying To Make Peoples Day! 
og 6) Goose). Tripling Ur Robux!! 
 pls come ~ 
| Fan]   whoa you got a lot of gamepasses 
Ray tipped O11 to Lil_Jojo   
Ray tipped) )1\to Lil Jojo  
" | appreciate it, Thank you. "
 Donate To Have Ur Robux Doubled! 
 u sure?  
-/o0 600-0) Just Trying To Make Peoples Day! 
 hi  
 dono  
 Hello  
 pls is my bday pls 
AverageNarrator tipped 5 to FrogletGoose  
"dreams, the cost is 500. Help me even a little Robex. "
 follow me 
  
/2_alixa]:  | have great things 
 loli knew it 
 Please   
"""2_alixa]:  pls donate "
2 alixa) pls donate 
Ray tipped 05 to Joni561  
 plsssss 
 1R$ = 1jump 
 Ok  
get rewarded with a shirt when they donate 
 Small donations are more than enough <3 
Buttercup]:  Plsss donate anything helps | will do anything for you! 
Buttercup]:  Plsss donate anything helps | will do anything for you 
"dreams, the cost is 500. Help me even a little Robex. "
 hi  
 hi 
 MAKE ME A FLYING CAT! 
will not stop spamming until someone donates 
NicoPYT tipped  2 to xtffd_  
_goalis16k]:  i will not stop spamming until someone donates 
Donate To Have Ur Robux Tripled! 
  
Buttercup]:  Plsss donate anything helps | will do anything for you! 
 MAKE ME FLY! 
 you can donate me is my bday 
will not stop spamming until someone donates 
_goalis16k]:  i will not stop spamming until someone donates 
If U Donate To Me III Triple The Amount! 
will not stop spamming until someone donates 
 ok  
 pls someone donate 
 Bolt q 
| Fan]   Donate me and I'll tell you a Joke! 
 ok  
will not stop spamming until someone donates 
 DONATE TO SEE HOW A FAT CAT SPIN! 
will not stop spamming until someone donates 
 1R$ = 1 jump 
BenzemaReal]:  plssss can you donate me 
- Tripling your donations!! 
 | don't donate im sorry 
_goalis16k]:  i will not stop spamming until someone donates 
will not stop spamming until someone donates 
_goalis16k]:  i will not stop spamming until someone donates 
will not stop spamming until someone donates 
If U Donate To Me III Triple The Amount! 
 Your donation would mean a lot! 
 DONATE TO SEE HOW A FAT CAT SPIN! 
will not stop spamming until someone donates 
_goalis16k]:  i will not stop spamming until someone donates 
will not stop spamming until someone donates 
will not stop spamming until someonedonates 
_goalis16k]:  i will not stop spamming until someone donates 
 MAKE ME LOOK LIKE A CATOCOPTER! 
i
igoalisi6k]:  i will not stop spamming until someone donates 
will not stop spamming until someone donates 
If U Donate To Me III Triple The Amount! 
_goalis16k]:  i will not stop spamming until someone donates 
will not stop spamming until someone donates 
 DONATE TO SEE HOW A FAT CAT SPIN! 
 top quality hair cuts 
 can someone plss donate 
will not stop spamming until someone donates 
Buttercup]:  Plsss donate anything helps | will do anything for you! 
will not stop spamming until someone donates 
 1R$ = 1 jump 
"""BenzemaReal]:  plssss can you donate me PLS 5 robux "
 Tripling your donations!! 
 Small donations are more than enough <3 
 MAKE ME LOOK LIKE A CATOCOPTER! 
(goalisi6k]:  i will not stop spamming until someone donates 
 rainbow 
will not stop spamming until someone donates 
_goalis16k]:  i will not stop spamming until someone donates 
 get fresh cuts today! 
"/2_alixa]:  If you donate to me, | will donate 1,000 rubox to you "
 MAKE ME FLY! 
will not stop spamming until someone donates 
_goalis16k]:  i will not stop spamming until someone donates 
Donate To Have Ur Robux Tripled! 
will not stop spamming until someone donates 
 MAKE ME LOOK LIKE A CATOCOPTER! 
will not stop spamming until someone donates 
_goalis16k]:  i will not stop spamming until someone donates 
will not stop spamming until someone donates 
: i will not stop spamming until someone donates 
: iwill not stop spamming until someone donates 
 Plsss someone donatee 
Tripling your donations! 
 Small donations are more than enough <3 
_goalis16k]:  i will not stop spamming until someone donates 
will not stop spamming until someone donates 
_goalis16k]:  i will not stop spamming until someone donates 
will not stop spamming until someone donates 
 1R$ = 1 jump 
Donate To Have Ur Robux Tripled! 
  
 MAKE ME FLY!  
 Sorry no 
will not stop spamming until someone donates 
 pls can someone donatee- 
will not stop spamming until someone donates 
Tripling your donations!! 
 Your donation will be much appreciated. 
 MAKE ME A FLYING CAT! 
 i have O  
(goalisi6k]:  i will not stop spamming until someone donates 
will not stop spamming until someone donates 
_goalis16k]:  i will not stop spamming until someone donates 
will not stop spamming until someone donates 
 MAKE ME FLY! 
 a.  
 plss someone donate 
  
will not stop spamming until someone donates 
(goalisi6k]:  i will not stop spamming until someone donates 
will not stop spamming until someone donates 
  
If U Donate To Me III Triple The Amount! 
 MAKE ME LOOK LIKE A CATOCOPTER! 
(goalisi6k]:  i will not stop spamming until someone donates 
: i will not stop spamming until someone donates 
will not stop spamming until someone donates 
_goalisi16k]:  i will not stop spamming until someone donates 
myrzik_1712 tipped @3 to Lil_Jojo  
 Small donations are more than enough <3 
i]:  BUYING ADOPT ME PETS FOR ROBUX! 
 MAKE ME A FLYING CAT!  
 MAKE ME A FLYING CAT! 
will not stop spamming until someone donates 
_goalis16k]:  i will not stop spamming until someone donates 
will not stop spamming until someone donates 
ate To Have Ur Robux Tripled! 
 get fresh cuts today! 
 MAKE ME LOOK LIKE A CATOCOPTER! 
will not stop spamming until someone donates 
_goalis16k]:  i will not stop spamming until someone donates 
(> Fan]   BUYING ADOPT ME PETS FOR ROBUX! 
If U Donate To Me III Triple The Amount! 
will not stop spamming until someone donates 
igoalisi6k]:  i will not stop spamming until someone donates 
-goalisi6k]:  i will not stop spamming until someone donates 
| Fan]   Donate me and I'll tell you a Joke! 
  
 best cuts ever! 
 MAKE ME A FLYING CAT! 
will not stop spamming until someone donates 
will not stop spamming until someone donates  
If U Donate To Me III Triple The Amount! 
 DONATE TO SEE HOW A FAT CAT SPIN! 
will not stop spamming until someone donates 
'goalisi6k]:  i will not stop spamming until someone donates 
will not stop spamming until someone donates 
 
Donate To Have Ur Robux Tripled! 
 MAKE ME LOOK LIKE A CATOCOPTER! 
" @ShyLilGuy1 dropped 10,000 to @dogecikral!! "
will not stop spamming until someone donates 
_goalis16k]:  i will not stop spamming until someone donates 
 Small donations are more than enough <3 
 who is giving robux for adoption me petss 
 DONATE TO SEE HOW A FAT CAT SPIN! 
will not stop spamming until someone donates 
_goalis16k]:  i will not stop spamming until someone donates 
(goalisi6k]:  i will not stop spamming until someone donates 
will not stop spamming until someone donates 
" if you don't buy any, you got an edgar cut :skull: "
(Lil_Jojo]:  Your donation will be much appreciated. 
will not stop spamming until someone donates 
(> Fan]   Donate me and I'll tell you a Joke! 
(9 Fan]   Donate me and I'll tell you a Joke! 
 DONATE TO SEE HOW A FAT CAT SPIN! 
will not stop spamming until someone donates 
_goalis16k]:  i will not stop spamming until someone donates 
will not stop spamming until someone donates 
_jumpingforbobox]:  Jumping for donations! 
will not stop spamming until someone donates 
_goalis16k]:  i will not stop spamming until someone donates 
will not stop spamming until someone donates 
 Your donation would mean a lot! 
 who is giving robux for adopt me petss 
 DONATE TO SEE HOW A FAT CAT SPIN! 
will not stop spamming until someone donates 
 get fresh cuts today! 
_goalis16k]:  i will not stop spamming until someone donates 
 MAKE ME FLY! 
iStrawberr] ae  
@  
 Your donation would mean a lot! 
will not stop spamming until someone donates 
 plss someone donatee mee 
will not stop spamming until someone donates 
" @JaCoB_IdKk dropped  10,000 to @clawwastakent!! |  "
" @JaCoB_IdKk dropped 10,000 to @clawwastaken!!! "
" @JaCoB_IdKk dropped 10,000 to @clawwastakent!! 1 "
 top quality cuts! 
(goalisi6k]:  i will not stop spamming until someone donates 
" @stormteam1234 dropped 10,000 to @Asjaxaxa!! | "
will not stop spamming until someone donates 
 Your donation will be much appreciated. 
 DONATE TO SEE HOW A FAT CAT SPIN! 
will not stop spamming until someone donates 
 1R$ = 1 jump 
will not stop spamming until someone donates 
  
 DONATE TO SEE HOW A FAT CAT SPIN! 
" if you don't buy any, you got an edgar cut :skull: "
will not stop spamming until someone donates 
 pls someone donatee 
will not stop spamming until someone donates 
 MAKE ME A FLYING CAT! 
_goalis16k]:  i will not stop spamming until someone donates 
(goalis16k]:  i will not stop spamming until someone donates 
will not stop spamming until someone donates 
 a.  
 Your donation would mean a lot! 
 MAKE ME LOOK LIKE A CATOCOPTER! 
(goalisi6k]:  i will not stop spamming until someone donates 
will not stop spamming until someone donates 
_goalis16k]:  i will not stop spamming until someone donates 
will not stop spamming until someone donates 
_goalis16k]:  i will not stop spamming until someone donates 
_goalisi6k]:  i will not stop spamming until someone donates 
 MAKE ME A FLYING CAT! 
 plss robuxx 
" buy your cut! (bowl, fade, etc) "
will not stop spamming until someone donates 
_goalis16k]:  i will not stop spamming until someone donates 
 Your donation would mean a lot! 
TO FLY 
 sorry i did not understand your question 
will not stop spamming until someone donates 
nyrzk 17)2) Plus donations 
(goalisi6k]:  i will not stop spamming until someone donates 
igoalisi6k]:  i will not stop spamming until someone donates 
 best barber in the universe 
im so sorry 
 Your donation will be much appreciated. 
 MAKE ME A FLYING CAT! 
 its fine dw 
TO FLY 
Strawberr]:  like this  
 _  
 pls someone donate to me:) 
 Your donation will be much appreciated. 
 MAKE ME A FLYING CAT! 
green thingy 
nyre 17\2)) plus donations 
nyrz 17)2\) plus donations 
 oh  
 oh 
  
nyrzk 17\2) plus donations 
nyrz 17\2)- plus donations 
 MAKE ME LOOK LIKE A CATOCOPTER! 
 u need to create gamepasses 
  
 oh:  
TO FLY 
 pls someone donate to me:) 
 #### search on yt 
  
 ok  
 best barber ever 
 pls someone donate to me:) 
 Small donations are more than enough <3 
 hi can u donate me plss. 
 hi can u donate me piss. 
 hi can u donate me plss. 
 hi can u donate me piss. 
(W Fan] fangel): | like your avatar 
(# Fan]   | like your avatar 
TO FLY 
 thx  
 top quality hair cuts 
(Joni561]:  ######HHHHHHHHHHHRRRRRRHRAA 
 Srry no | cant donate 
  
 pls someone donate to me:) 
 Your donation would mean a lot! 
 MAKE ME LOOK LIKE A CATOCOPTER! 
 ok np  
 ok np 
 hey bro iam hacker 
 hi  
 pls someone donate to me:) 
I STAR tipped @5 to NEPTUNE.  
 fresh cuts (real) 
 TYSM  
  
 Your donation will be much appreciated. 
-Lil_Jojo]:  Your donation will be much appreciated. 
 | have not been donated for hours 
 pls someone donate to me:) 
 can u donate me piss 
 And | have been AFK 
 And I have been AFK 
 imagine botting this game tho 
 
Ellienore]:  u joined so fast  
 Your donation would mean a lot! 
 no  
 no 
by the way 
when i was walking chen chen. 
when i was walking chen chen 
 how about u NEPTUN 
i saw streetking 
_STAR]:  I donated bc u love blue cotton cNdy 
Ellienore]:  what  
 get fresh cuts today! 
 __  
 Your donation will be much appreciated. 
 ok np  
 ok np 
HAHHAHA 
 | cant even buy donation sign 
 | can't even buy donation sign 
 | cant even buy donation sign 
(Lil_Jojo]:  Your donation will be much appreciated. 
/Lil_Jojo]:  Your donation will be much appreciated. 
 
 pls someone donate to me:) 
 hi can u donae me 
 EXCUS EME 
 No  
 No 
fEllienore]:  No 
 Your donation would mean a lot! 
 best cuts ever! 
 pls someone donate to me:) 
 come  
 hi  
 pls someone donate to me:) 
 can u donate me 
 hi  
i cant donate 
zi already bought that 
 
Ellienore]:  | feel anooyed 
 i have 2  
" if you dont buy any, you got an edgar cut :skull: "
 COME 
 hi  
 come follow me 
  
 Your donation will be much appreciated. 
|Lil_Jojo]:  Your donation will be much appreciated. 
 hi  
 can u donate me 
 Your donation would mean a lot! 
Tw stccon<<). hey guys please donate to me :( <3 
Tw stccvion<). hey guys please donate to me :( <3 
 ro  
 ### 
 yes  
 bux  
 hi  
 come with me 
 Small donations are more than enough <3 
 ok  
 ok 
"""bleed]:  hes innocent "
-bleed]:  hes innocent 
" @kywwge dropped 18,000 to @Arsanova95!! "
" @kywwqe dropped 18,000 to @Arsanova95!! "
" @kywwqe dropped  18,000 to @Arsanova95!! "
 best barber ever 
(Lil_Jojo]:  Your donation will be much appreciated. 
/Lil_Jojo]:  Your donation will be much appreciated. 
 here  
 here 
can ypu donate me 5 roubx 
 best barber ever 
 can someone please donated me 
/wemiplays]:  can someone please donated me 
"""saaustin97]:  Guys, how do you put put a price? "
 top quality cuts! 
 pls can you give me 1 robox 
 hi  
 hi 
 hi  
saaustin97 tipped )1 to kinger_ahmad 
Twstccion<). hey guys please donate to me :( <3 
Tw stccion<). hey guys please donate to me :( <3 
 can u donate me  
hola_silvestre]:  Would you be so kind to donate to me please? | 
hola_silvestre]:  Would you be so kind to donate to me please? 
hols_siivestre|. Would you be so kind to donate to me please? 
hola_siivestre|. Would you be so kind to donate to me please? 
hols_siivestre|. Would you be so kind to donate to me please? 
" buy your cut! (bowl, fade, etc) "
 Thank you 
 hi  
 can u donate me 
 no have 
ino have 
 ok np  
 imagine botting this game tho 
 Pls can you give me 20 robox 
 can u donate me 
 hi  
 HI  
 hi  
 hi 
"""saaustin97]:  Understand "
 /-  
 hi  
 __ 
 do u want to donate me or no 
 Yeah  
 imagine botting this game tho 
 ok follow me 
 can you please donate me 
GTgirlyX25 tipped] )2 to wemiplays 
 here ~  
 here 
 tysm  
 support ya local barber 
saaustin97/ tipped )10/to Queen 
 thx  
 np  
 /~  
 :]  
 Np  
Tw istccvion<). hey guys please donate to me :( <3 
Tw istccvion <<) hey guys please donate to me :( <3 
Twstccvion<<) hey guys please donate to me :( <3 
hey guys please donate to me :( <3 
 could i also get a dono 
 you r the best 
 hi  
 im at 0 robux 
 rip  
 come pls _ 
i know the pain when you lose your acc 
oye 712). plus donations 
plus donations 
know pain when i waste all my robux 
 top quality cuts!  
 top quality cuts! 
 hi can u donate me 
  
Tyscochon\ hey guys please donate to me :( <3 
Tyscochon\) hey guys please donate to me :( <3 
hey guys please donate to me :( <3 
 
 mushroom 
saaustin97/ tipped (0)2'/to/dal3012345) 
  thx  
 ?  
 Np  
 hi  
 i m not sure how to donate 
 __  
 hi  
 can u donate me piss 
 oh?  
 
 u want to donate? 
im at O robux sorry queen 
 Pls 
Guest666 tipped 0)2/to| wemiplays: 
 fresh cuts (real) 
"""bleed]:  hes innocent "
hi can u pls donate me 
 Hi  
 can u donate 
 canu donate 
vabdbrz]:  come  
come 
 Pls can you give me 20 robox 
 hi  
 can u donate 
 buy a cut or be cursed with a bowl cut :skull: 
 hi  
hi can u pls donate me 
 Hi  
 __  
 i have 0 robux 
Can you donate to me? 
cabdbrz]:  come  
 i wasted my last 
 best barber ever 
 hi  
50>) omg  
 Sure 
 what  
_ Come here 
 ok follw mw 
 here  
 here 
" if you don't buy any, you got an edgar cut :skull: "
" if you dont buy any, you got an edgar cut :skull: "
"6a5012545), you can come "
Mushroom tipped @3 to Queen  
Mushroom tipped (6)3/to|Queen 
Mushroom tipped (6)3/to/Queen 
 thanks thanks very much 
 you raised alot 
 yes  
 a.   
 come pls 
 ty  
Mushroom tipped 5 to OregaNeymar  
Mushroom tipped (6)5 to|OregaNeymar 
i can u pls donate me | 
  
 your so luvky 
 hi stars  
 hi  
 Hello  
Mushroom tipped )2 to dal3012345  
  thx  
 get fresh cuts today! 
 can u donate me 
"""halosinghO9): can u donate "
 no  
 no iam not lucky 
 pls  
 hi  
 OMGOMggggggggg 
get unlucky many times 
 can u donate me 
 Yessss.  
 ####eRRRHRBRA 
 Hi  
 
 many ignore me 
_ Can you donate to me? 
 and think im too rich to get donated 
| follw me bro 
 but on the real side 
stars]:  dawg 7k is a lot 
 im poor 
Come here 
 oh  
 kevin  
5)5012545\. you should make a game pass 
 oh  
 What  
 
 do u want to donate me 
 How 
~<o 5.5 | No sorry no robux 
<ev55 0). No sorry no robux 
 Pls can you give me 10 robox 
 top quality cuts!  
 ok np  
 welli gotta be afk 
 may you please donate 10 i will apeciate that 
/wemiplays]:  may you please donate 10 i will apeciate that 
6)5012545). search on youtube 
 oh  
 oh 
 
 i wasted 
 my last 2 
 ok  
 onu  
 My mom is calling me 
 ok  
Can you donate to me 
 ok  
 2  
 Pls can you give me 10 robox 
Shead]:  babux or ban 
Come here 
 top quality cuts! 
 hi can u donate me if u want 
 ok  
5.0000) hey guys please donate to me :( <3 
Tw stccvion<). hey guys please donate to me :( <3 
" @kywwge dropped 610,000 to @ltzBreyxTVFr!! "
Shead]:  ok but donate me@@ 
shes). ok but donate me) 
 Hi  
 __  
 hi  
" buy your cut! (bowl, fade, etc) "
 
 john  
 hi  
(# Fan]   dont hack me 
 ban@jeye>  
 can u donatw me 
 yes  
 no  
 NO PLS 
 im poor 
 __  
 1 _  
 ok np  
 3  
bleed]:  free my mans fr 
 Pls can you give me 10 robox 
 buy a cut or be cursed with a bowl cut :skull: 
 Hil  
 HELPPP 
 4  
 NO PLSS 
 hi  
 can u donate me 
 6  
MY FRIEND  
 #  
 here  
 _  
 PLS  
 hello  
 _  
 #  
 # 
 SOMEONE HELP 
 hello  
(# Fan]   IM GETTING BANNED. 
 hi can u donate me if u want 
 ALL THESE YEARS 
Shead]:  uare banned on my minecraft server 
  
 
 srry | don't have robux 
 23R  
@clem8965!!  
 kK  
 i really want robux 
 ok np  
 BUT | LOVE MINECRAFTTT 
 __  
 or  
 NOO  
 fresh cuts (real) 
 can you give me a gift 
Shead]:  donate me or no unban 
 look come 
(Shead]:  O@  
 BUT IM POOR 
 __  
 :  
halosinghO9): do i hack him 
 this is my stand 
5)5012545). you can donate 
 .  
Shead]:  u have one way 
 hmm  
 best cuts ever! 
 Buy my 1 robux donation 
 ok  
|: Mpuset 
 b  
  
 but how 
Shead]:  stay here 
 ## aa? 
 i cant buy pass 
pls donate me im poor 
 __  
 AH  
 a.   
(OregaNoynar). Where is  
 _ 
 or even get a tshirt 
  
 =  
Are you Arab 
 donate to me 
 who want 
 yea  
 2! 2 
 Kak noxynaTb 6yAewb? 
 can u hack him pls 
 buy a cut or be cursed with a bowl cut :skull: 
Shead]:  4 what 
 me  
 
 robux  
 ok  
 45  
OregaNeymar]:  hL40 k  
 tamam 
 Sul  
Saal 
 __ 
 top quality hair cuts 
 
 53 lc >i  
(> Fan]   BoT BbILIAO ## 
 ___  
 =~  
 =~)  
 ow  
 dis isl  
 Ok  
| Fan]   nAm B Mapaep 
Shead]:  6aH nan 
 ok follow em 
Shead]:  AaHaTe Mv 
" Jil), "
 3 UI  
 best cuts ever! 
 please  
iMrDeveloperifier413]:  please 
Shead]:  OTw und nkwaA alk bLyTep 
 HE 1S THE GUY 
  cljs gsi ya  
 i have minecraft 
oye (72) Moxkaayicta AonaT 
" il,  "
 donate to me 
Shead]:  no baba gril for month 
 ow  
lOregaNeymarn| sea  
 best cuts ever! 
" 4b Li, "
 for 4 robux 
 
" ss) ail,  "
XR Rasheed): Sea as cle pit UiSi5y oy  
XR Rashed |) Sea as cle pit UiSi5 yt oy  
 Why are you speaking Arabic? 
fOregaNeymar]:  Goa aus  
fOregaNeymar]:  Gu a= ula  
bea ul 
 | speak Arabic too 
/MrDeveloperifier413]:  I'm so close to my goal! 
MrDeveloperifier413). I'm so close to my goal! 
 imagine botting this game tho 
halosinghO9]:  done  
 hi i have minecraft 
 hii have minecraft 
 ooh 
 ooh  
 for 4 robux 
 wow ty 
 who want 
YTZ_alizaib36 tipped 1 to kinger_ahmad  
Guest666 tipped 05 to frank  
Guest666 tipped )5 to frank 
(W Fan]   wait he actually got banned? 
 ty :)_  
 ty :) 
 Hil  
 ####### 
 best barber in the universe 
 ooh  
 ####### 
 isee a cute guy 
 anyone can donate for me pls 
/MrDeveloperifier413]:  Please donate 
ertyuiople2 tipped @1 to Leo  
ertyuiople2 tipped) 1 to Leo: 
 ___ 
 #### 
 hi  
 please 
 wanna have my number 
pls donate me 
 look  
 do u want 
 Pls can you give me 10 robox 
 ur cute 
 no thx  
 
 #############HH 
 ############HHH 
 
_ ok follw me 
 :  
 best cuts ever! 
 oh..  
fhalosinghO9]:  ok  
fthedoomslayer]:  im taken... 
 im taken... 
 I speak Arabic | do too 
MrDeveloperifier413]:  donate tome 
 donate to me 
 hi  
 WAAAAAAA 
-an]   WAAAAAAA i  
_John]:  whyyyyyyyyyyyyyyyyyyy 
in]:  whyyyyyyYYYYYYYYYYYYyy  
(John]:  whyyyyyyyyyyyyyyyyyyy 
John]:  whyyyyyyyyyyyyyyyyyyy 
: ABC TO PLAY SIMON SAYS ### # # # # # # #  
 please  
 top quality hair cuts 
 :  
 dt 
 dt  
 Do you speak Arabic | do too 
 wait  
x i  inneed robux 
 please 
 __ 
: hi can u donate me  
dude]:  best barber ever 
please  Johni:   
 please 
Onn:  a | 0 <  
IBH13S]:  Me  
 Pls can you give me 10 robox  
 donate to me 
 ABC TO PLAY SIMON SAYS FOR SOME ROBUCKS  
 Im poor 
 me  
me pls ~y 
 VSS  
" @stormteam1234 dropped 10,000 to @Ichooseher!! |  "
 : 
 Ok he ae 
 
: ik you have 335 
 thx  
 hi 
 ok  
 lets start 
 sorry i dont have 
 
e055) lL wasted them  
 how to wirte the robux 
) ecco ss yor). im not taken lo iw as jk 
5) ecoomsoyor). im not taken lo iw as jk 
iI just go to brookhaven 
 lol  
 1 robox 
 
 here come 
'MrDeveloperifier413]:  I'm so close to my goal! 
" buy your cut! (bowl, fade, etc) "
 on the stand | 
 wheir  
 wheir 
 ples help me 
iksmaesam 23]; ples help me 
John]:  cani ### ## ###8# 
 _  
 ?  
 cani ### ##### 
 Hey  
 ok  
 hey  
 
 can you donate me 
 please 
12054155) Could | get 100 round 
180 4155) Could | get 100 round 
18054155) Could I get 100 round 
(} Fan] 
 Ok  
 please 
 Please donate - 
| MrDeveloperifier413]:  Please donate ~ 
| MrDeveloperifier413]:  Please donate - 
 __  
he doo > 4.cr) soi dont remember well 
 buy a cut or be cursed with a bowl cut :skull: 
  
 it ok  
Sparkle]:  Hold on 
 donate to me 
(W Fan}-{GTgirlyX25]:  wanna have the dirty thing 
 ok   
 
 Hey  
 really 
 it is 4:37 am 
fihedeomellayeris (ii is <hev/cin 
 donate to me 
 same!  
 
 bruh  
(John): bruh 
 100  
Sparkle]:  Play Simon says | will give you robucks 
MrDeveloperifier413]:  Please donate | 
 Please donate | 
 
hedoom savor) i stayed up a whole 2 nights 
  zero 
 put some thing 
" buy your cut! (bowl, fade, etc) "
 yes  
 Come 
 __ 
 Please donate 
 
he dooms over) nah im in SA for vacation 
 i live in uk 
 __ 
 Ok 
Fen] 
 ii cant my friedn told me i can put it free 
 i need halp 
Sparkle]:  Simon says jump 
 top quality hair cuts 
 ok  
 how i do it 
 i  
ithedoonyslayetia whatlis iS)  
 what is it 
ithedoomslayer]: | what is it 
fihnedeomellayerys wins ts it 
